Address,Unit,Year,Month,Expense_Type,Amount,Notes,Verified
7303 Breen Dr,,2020,12,Taxes & Fees,51362.73,Property tax,
6209 Romona Blvd,,2020,12,Taxes & Fees,31967.34,Property tax,
4102-4116 McKinney St,4102,2020,12,Taxes & Fees,4774.80,Property tax,
4102-4116 McKinney St,4112,2020,12,Taxes & Fees,4558.86,Property tax,
7303 Breen Dr,,2019,11,Repair & Maint.,12194.00,,
7303 Breen Dr,,2019,12,Repair & Maint.,10028.61,,
7303 Breen Dr,,2019,1,Repair & Maint.,9300.00,,
4102-4116 McKinney St,,2018,10,Repair & Maint.,9096.98,,
7303 Breen Dr,,2019,5,Repair & Maint.,8944.80,,
10647 Hazen St,,2019,12,Repair & Maint.,8500.00,"Painting, light bulbs, change hot water , change laminate",
7303 Breen Dr,,2018,9,Repair & Maint.,8286.98,,
8511 Westknoll Ln,,2019,4,Repair & Maint.,7967.57,,
8511 Westknoll Ln,,2018,6,Repair & Maint.,7941.24,,
6209 Romona Blvd,,2017,12,Repair & Maint.,7875.00,,
7303 Breen Dr,,2019,3,Repair & Maint.,6833.36,,
16591 Rhone Ln,,2019,4,Repair & Maint.,6500.00,,
10647 Hazen St,,2018,12,Repair & Maint.,6150.00,,
4102-4116 McKinney St,,2018,9,Repair & Maint.,6139.51,,
4102-4116 McKinney St,,2019,3,Repair & Maint.,6027.91,,
8061 19th St,,2018,5,Repair & Maint.,6000.00,,
4102-4116 McKinney St,4104,2020,12,Taxes & Fees,4558.86,Property tax,
4102-4116 McKinney St,,2019,7,Repair & Maint.,5404.17,,
7303 Breen Dr,,2019,8,Repair & Maint.,5480.00,,
4102-4116 McKinney St,,2019,8,Repair & Maint.,5115.22,,
4102-4116 McKinney St,4106,2020,12,Taxes & Fees,4558.86,Property tax,
7303 Breen Dr,,2019,5,Misc,5091.45,,
8061 19th St,,2018,6,Repair & Maint.,5000.00,,
10647 Hazen St,,2018,9,Repair & Maint.,4825.25,,
4102-4116 McKinney St,,2018,12,Repair & Maint.,4729.61,,
7303 Breen Dr,,2019,3,Misc,5087.76,,
7303 Breen Dr,,2019,10,Repair & Maint.,4500.00,,
4102-4116 McKinney St,4108,2020,12,Taxes & Fees,4558.86,Property tax,
4102-4116 McKinney St,,2019,7,Management Fee,4050.00,,
7303 Breen Dr,,2018,12,Misc,4050.00,,
7303 Breen Dr,,2018,10,Repair & Maint.,3979.24,,
8511 Westknoll Ln,,2018,5,Repair & Maint.,3750.00,,
4102-4116 McKinney St,4110,2020,12,Taxes & Fees,4558.86,Property tax,
4102-4116 McKinney St,,2019,7,Misc,3596.26,,
4102-4116 McKinney St,4114,2020,12,Taxes & Fees,4558.86,Property tax,
7303 Breen Dr,,2018,7,Repair & Maint.,3637.20,,
4102-4116 McKinney St,4116,2020,12,Taxes & Fees,4558.86,Property tax,
4102-4116 McKinney St,,2019,9,Management Fee,2718.55,,
4102-4116 McKinney St,,2019,2,Management Fee,2670.69,,
4102-4116 McKinney St,,2018,11,Management Fee,2600.00,,
4102-4116 McKinney St,,2019,8,Management Fee,2512.90,,
8307 Wahl Manor Ct,,2020,12,Taxes & Fees,3191.01,Property tax + ISD,
7303 Breen Dr,,2020,12,Taxes & Fees,2991.22,MUD tax,
4102-4116 McKinney St,,2019,5,Management Fee,2375.00,,
10647 Hazen St,,2019,9,Management Fee,2375.00,,
4102-4116 McKinney St,,2019,3,Management Fee,2250.00,,
7303 Breen Dr,,2019,9,Repair & Maint.,2780.00,,
6209 Romona Blvd,,2017,11,Repair & Maint.,2145.00,,
7303 Breen Dr,,2019,11,Misc,2448.45,,
7303 Breen Dr,,2018,2,Water,2439.17,,
7103 Pavilion Dr,,2020,12,Taxes & Fees,2577.13,ISD tax,
4102-4116 McKinney St,,2018,8,Repair & Maint.,2003.00,,
4102-4116 McKinney St,,2018,8,Misc,1800.00,,
7303 Breen Dr,,2018,1,Water,2158.91,,
7303 Breen Dr,,2019,7,Repair & Maint.,2135.00,,
4102-4116 McKinney St,,2019,1,Repair & Maint.,1778.02,,
7103 Pavilion Dr,,2019,1,Management Fee,1750.00,,
10647 Hazen St,,2020,12,Taxes & Fees,2415.30,Property tax,
8511 Westknoll Ln,,2020,12,Taxes & Fees,2377.14,ISD tax,
10647 Hazen St,,2020,12,Taxes & Fees,2301.00,ISD tax,
4102-4116 McKinney St,,2019,10,Repair & Maint.,1680.00,,
10647 Hazen St,,2019,5,Repair & Maint.,1647.00,,
4102-4116 McKinney St,,2018,10,Misc,1623.75,,
4102-4116 McKinney St,,2019,12,Repair & Maint.,1596.76,,
7303 Breen Dr,,2019,3,Water,1747.52,,
4102-4116 McKinney St,,2019,8,Misc,1515.86,,
4102-4116 McKinney St,4106,2020,12,Repair & Maint.,2005.00,Owner Paid: Make Ready Costs - paint front door; touch up walls; paint 3 kitchen cabinets; clean off staircase; rescuer towel holder; recaulk showers and sinks,
7303 Breen Dr,,2019,4,Water,1747.52,,
7303 Breen Dr,,2018,7,Water,1699.05,,
8523 Causeway Dr,,2020,12,Taxes & Fees,1827.00,ISD tax,
7103 Pavilion Dr,,2020,12,Taxes & Fees,1686.73,Property tax,
7303 Breen Dr,,2019,2,Landscaping,1689.79,,
8511 Westknoll Ln,,2020,12,Taxes & Fees,1555.69,Property tax,
General,,2019,12,Misc,1400.00,Tax Service Invoice,
7103 Pavilion Dr,,2019,1,Repair & Maint.,1397.97,,
7303 Breen Dr,,2018,6,Water,1544.60,,
4102-4116 McKinney St,4106,2020,12,Repair & Maint.,1430.00,"Owner Paid: Make Ready Costs - re-caulk the columns
and paint; remove the damaged sheetrock; cut and install
FRP panel sheets; investigate mold in bedroom and
gargage",
7303 Breen Dr,,2019,4,Management Fee,1500.00,,
4102-4116 McKinney St,,2018,9,Misc,1315.01,,
7303 Breen Dr,,2018,4,Water,1497.28,,
7303 Breen Dr,,2018,3,Repair & Maint.,1406.33,,
4102-4116 McKinney St,,2018,12,Misc,1292.90,,
4102-4116 McKinney St,,2019,9,Repair & Maint.,1273.64,,
7303 Breen Dr,,2018,11,Repair & Maint.,1370.38,,
7303 Breen Dr,,2018,3,Water,1328.51,,
6135 Cupertino Trail,,2020,12,Misc,1339.80,Insurance,
7103 Pavilion Dr,,2020,12,Taxes & Fees,1335.35,MUD tax,
7303 Breen Dr,,2018,8,Water,1213.15,,
7303 Breen Dr,,2020,12,Landscaping,1250.00,Pressure wash,
4102-4116 McKinney St,,2019,11,Repair & Maint.,1197.84,,
8523 Causeway Dr,,2020,12,Taxes & Fees,1195.00,Property tax,
8511 Westknoll Ln,,2020,12,Taxes & Fees,1106.51,MUD tax,
7303 Breen Dr,,2018,2,Management Fee,1200.00,,
4102-4116 McKinney St,4106,2020,12,Repair & Maint.,1095.46,Repair - MR 120833 SC-Owner approved purchase of Samsung 7.5 cu. ft. 240-Volt Black Stainless Dryer with Sensor Dryer and stacking kit,
7303 Breen Dr,,2018,8,Repair & Maint.,1165.13,,
7303 Breen Dr,,2019,2,Water,1135.15,,
7303 Breen Dr,,2018,5,Water,1117.40,,
4102-4116 McKinney St,4108,2020,12,Repair & Maint.,860.59,Repair - sheetrock work - 50,
4102-4116 McKinney St,,2018,11,Repair & Maint.,1074.59,,
7103 Pavilion Dr,,2018,12,Misc,1065.45,,
8307 Wahl Manor Ct,,2018,11,Misc,1038.00,,
8511 Westknoll Ln,,2018,7,Repair & Maint.,1031.78,,
4102-4116 McKinney St,,2018,11,Misc,1024.22,,
4102-4116 McKinney St,,2018,9,Management Fee,1000.00,,
4102-4116 McKinney St,,2018,10,Management Fee,1000.00,,
4102-4116 McKinney St,,2018,12,Management Fee,1000.00,,
4102-4116 McKinney St,,2019,6,Management Fee,1000.00,,
4102-4116 McKinney St,,2019,10,Management Fee,1000.00,,
4102-4116 McKinney St,,2019,11,Management Fee,1000.00,,
4102-4116 McKinney St,,2019,12,Management Fee,1000.00,,
7303 Breen Dr,,2019,5,Water,1082.93,,
8523 Causeway Dr,,2020,12,Taxes & Fees,850.94,MUD tax,
4102-4116 McKinney St,,2019,4,Management Fee,927.00,,
7303 Breen Dr,,2018,10,Water,1041.60,,
7303 Breen Dr,,2018,11,Water,961.84,,
7303 Breen Dr,,2019,12,Misc,934.88,,
4102-4116 McKinney St,,2019,4,Repair & Maint.,875.00,,
7303 Breen Dr,,2018,9,Water,905.44,,
7303 Breen Dr,,2018,12,Water,903.80,,
6209 Romona Blvd,,2018,9,Misc,800.00,,
8307 Wahl Manor Ct,,2020,12,Taxes & Fees,839.26,MUD tax,
7303 Breen Dr,,2019,9,Water,849.01,,
6209 Romona Blvd,,2020,12,Misc,800.00,Tax Protest Invoice,
7303 Breen Dr,,2019,6,Water,816.10,,
4102-4116 McKinney St,,2019,8,Water,708.80,,
4102-4116 McKinney St,4106,2020,12,Repair & Maint.,680.50,Owner Paid: Make Ready Costs - touch up walls; replace light bulbs; replace outlet cover; clean off 3rd floor vent and replace AC filter; replace 2 missing ceiling fan globes,
7303 Breen Dr,,2019,7,Water,793.16,,
8307 Wahl Manor Ct,,2019,1,Repair & Maint.,700.00,,
7303 Breen Dr,,2019,8,Water,727.34,,
4102-4116 McKinney St,,2019,2,Repair & Maint.,668.50,,
4102-4116 McKinney St,,2019,1,Management Fee,625.00,,
10647 Hazen St,,2018,6,Repair & Maint.,621.66,,
14258 Valverde Point Ln,,2020,12,Taxes & Fees,559.95,HOA,
10647 Hazen St,,2018,7,Landscaping,600.00,,
8307 Wahl Manor Ct,,2018,11,Repair & Maint.,600.00,,
7303 Breen Dr,,2019,1,Water,711.56,,
7303 Breen Dr,,2018,6,Management Fee,700.00,,
7747 Mesa Ranch Trail,,2020,12,Taxes & Fees,559.95,HOA,
7103 Pavilion Dr,,2018,11,Repair & Maint.,560.00,,
7623 Mesa Ranch Trail,,2020,12,Taxes & Fees,559.95,HOA,
8523 Causeway Dr,,2019,1,Repair & Maint.,519.60,,
8523 Causeway Dr,,2019,3,Landscaping,519.60,,
4102-4116 McKinney St,,2018,8,Management Fee,516.08,,
16591 Rhone Ln,,2019,8,Misc,499.00,,
7103 Pavilion Dr,,2020,12,Taxes & Fees,559.95,HOA,
7747 Mesa Ranch Trail,,2020,12,Taxes & Fees,461.46,ISD tax,
8307 Wahl Manor Ct,,2020,12,Taxes & Fees,450.00,HOA,
7623 Mesa Ranch Trail,,2020,12,Taxes & Fees,429.64,ISD tax,
14258 Valverde Point Ln,,2020,12,Taxes & Fees,420.86,Property tax,
7303 Breen Dr,,2019,10,Misc,578.75,,
6135 Cupertino Trl,,2020,12,Taxes & Fees,401.00,HOA - pool,
4102-4116 McKinney St,,2019,7,Water,448.48,,
7303 Breen Dr,,2019,10,Water,573.76,,
4102-4116 McKinney St,,2019,2,Power,434.51,,
8523 Causeway Dr,,2020,12,Taxes & Fees,375.00,HOA,
4102-4116 McKinney St,,2019,7,Power,416.02,,
8511 Westknoll Ln,,2020,12,Taxes & Fees,375.00,HOA,
4102-4116 McKinney St,,2019,6,Water,413.81,,
7303 Breen Dr,,2020,12,Trash,371.31,,
7303 Breen Dr,,2020,12,Water,339.51,,
4102-4116 McKinney St,4108,2020,12,Repair & Maint.,325.00,Repair - technician came to the house and replace a P-trap drain from the second-floor hall bath to shower - 1284,
7303 Breen Dr,,2019,12,Water,464.06,,N
7303 Breen Dr,,2019,12,Water,464.06,,N
7747 Mesa Ranch Trail,,2020,12,Taxes & Fees,300.42,Property tax,
7103 Pavilion Dr,,2020,12,Repair & Maint.,286.86,Deep cleaning,
4102-4116 McKinney St,,2018,10,Power,375.94,,
4102-4116 McKinney St,,2019,4,Power,366.72,,
16591 Rhone Ln,,2019,1,Misc,364.00,,
7303 Breen Dr,,2018,1,Landscaping,450.00,,
4102-4116 McKinney St,,2019,1,Power,355.39,,
8307 Wahl Manor Ct,,2018,11,Power,350.00,,
7623 Mesa Ranch Trail,,2020,12,Taxes & Fees,279.58,Property tax,
8523 Causeway Dr,,2018,1,Repair & Maint.,346.40,,
14258 Valverde Point Ln,,2020,12,Taxes & Fees,273.81,Property tax,
10647 Hazen St,,2019,6,Landscaping,335.58,,
7747 Mesa Ranch Trail,,2020,12,Taxes & Fees,237.83,MUD tax,
7623 Mesa Ranch Trail,,2020,12,Taxes & Fees,221.33,MUD tax,
14258 Valverde Point Ln,,2020,12,Taxes & Fees,216.77,Property tax,
7303 Breen Dr,,2019,11,Water,409.21,,
7303 Breen Dr,,2020,12,Landscaping,200.00,Paid on 11/2020,
4102-4116 McKinney St,4110,2020,12,Repair & Maint.,170.00,Repair - Technician came to the house and unclog the shower drain and the second floor and also unclog the laboratory drain - 1294,
7303 Breen Dr,,2019,8,Trash,398.79,,
8307 Wahl Manor Ct,,2020,12,Taxes & Fees,161.92,ID tax,
4102-4116 McKinney St,4106,2020,12,Power,131.37,Electricity - Final Bill 11/10/20 - 12/1/20,
4102-4116 McKinney St,4108,2020,12,Repair & Maint.,130.00,Professional Cleaning - cleaning touch up - 177,
6135 Cupertino Trl,,2020,12,Taxes & Fees,126.00,HOA,
4102-4116 McKinney St,4102,2020,12,Commission,125.00,,
4102-4116 McKinney St,4104,2020,12,Commission,125.00,,
4102-4116 McKinney St,4108,2020,12,Commission,125.00,,
4102-4116 McKinney St,4110,2020,12,Commission,125.00,,
4102-4116 McKinney St,4114,2020,12,Commission,125.00,,
10647 Hazen St,,2018,5,Misc,324.75,,
4102-4116 McKinney St,4116,2020,12,Commission,125.00,,
7303 Breen Dr,,2018,5,Trash,356.32,,
7303 Breen Dr,,2018,1,Trash,348.89,,
4102-4116 McKinney St,,2019,3,Power,308.40,,
4102-4116 McKinney St,,2018,10,Water,304.06,,
4102-4116 McKinney St,4112,2020,12,Repair & Maint.,99.51,Electrical - 4780788311797805030 replaced the 45 amp breaker for the 60 amp breaker. - 4780788311797805030| 4112-121420,
8511 Westknoll Ln,,2018,5,Landscaping,300.00,,
7303 Breen Dr,,2019,8,Misc,346.00,,
7303 Breen Dr,,2018,4,Repair & Maint.,335.58,,
7303 Breen Dr,,2019,11,Landscaping,335.00,,
4102-4116 McKinney St,,2019,6,Repair & Maint.,297.00,,
4102-4116 McKinney St,4106,2020,12,Repair & Maint.,86.59,Owner Paid: Make Ready Costs - Rekey Property 17 - 18085,
10647 Hazen St,,2019,1,Misc,291.25,,
4102-4116 McKinney St,,2018,9,Power,290.77,,
7303 Breen Dr,,2021,1,Landscaping,335.00,Paid on 11/2020,
7303 Breen Dr,,2019,5,Trash,331.48,,
7303 Breen Dr,,2019,6,Trash,331.48,,
7303 Breen Dr,,2019,7,Trash,331.48,,
7303 Breen Dr,,2019,9,Trash,331.48,,
7303 Breen Dr,,2019,10,Trash,331.48,,
7303 Breen Dr,,2019,11,Trash,331.48,,
7303 Breen Dr,,2019,12,Trash,331.48,,
4102-4116 McKinney St,4112,2020,12,Repair & Maint.,85.00,"HVAC (Heat, Ventilation, Air) - heat not working - 39579",
7303 Breen Dr,,2017,11,Trash,277.59,,
7303 Breen Dr,,2017,12,Trash,277.59,,
7103 Pavilion Dr,,2020,12,Gas,82.75,No invoice,
4102-4116 McKinney St,4116,2020,12,Repair & Maint.,81.19,"Repair - 4780788311797805003 need a motor
pump - 4780788311797805003| 4116-111420",
4102-4116 McKinney St,,2020,12,Landscaping,80.00,Lawn,
8511 Westknoll Ln,,2018,9,Trash,283.50,,
4102-4116 McKinney St,,2020,12,Landscaping,80.00,Prepaid. Invoice date 11/13/2020,
4102-4116 McKinney St,,2020,12,Misc,75.33,Camera,
4102-4116 McKinney St,,2020,12,Misc,75.33,Camera,
7103 Pavilion Dr,,2018,11,Misc,282.00,,
8511 Westknoll Ln,,2019,5,Landscaping,281.45,,
4102-4116 McKinney St,,2018,12,Power,280.82,,
4102-4116 McKinney St,,2018,9,Landscaping,280.00,,
4102-4116 McKinney St,4106,2020,12,Power,56.35,Electricity - Bill 12/2/20 - 12/11/20,
7303 Breen Dr,,2020,12,Power,55.09,,
7303 Breen Dr,,2020,12,Misc,32.18,Camera,
8307 Wahl Manor Ct,,2018,12,Repair & Maint.,270.00,,
7303 Breen Dr,,2018,4,Landscaping,310.00,,
4102-4116 McKinney St,,2018,12,Water,264.04,,
7303 Breen Dr,,2018,12,Landscaping,300.00,,
10647 Hazen St,,2019,7,Misc,254.79,,
4102-4116 McKinney St,,2019,6,Power,251.37,,
7303 Breen Dr,,2019,1,Management Fee,300.00,,
7303 Breen Dr,,2018,8,Trash,298.50,,
7303 Breen Dr,,2019,12,Water,289.54,,
7303 Breen Dr,,2019,1,Trash,288.24,,
7303 Breen Dr,,2019,2,Trash,288.24,,
7303 Breen Dr,,2019,3,Trash,288.24,,
8511 Westknoll Ln,,2019,7,Repair & Maint.,250.00,,
7303 Breen Dr,,2019,4,Trash,288.24,,
4102-4116 McKinney St,4106,2020,12,Water,30.40,Water - 432860515076 Bill 10/28/20 - 11/25/20 - 432860515076| 4328-6051-5076(112520),
10647 Hazen St,,2020,11,Repair & Maint.,1250.00,Fireline Removal,
7303 Breen Dr,,2018,7,Landscaping,285.00,,
8511 Westknoll Ln,,2019,7,Misc,240.89,,
8307 Wahl Manor Ct,,2019,1,Water,238.84,,
7303 Breen Dr,,2019,3,Landscaping,285.00,,
4102-4116 McKinney St,,2019,11,Landscaping,235.00,,
7303 Breen Dr,,2019,8,Landscaping,285.00,,
7303 Breen Dr,,2018,2,Trash,283.50,,
4102-4116 McKinney St,,2018,11,Water,221.49,,
7303 Breen Dr,,2018,3,Trash,283.50,,
4102-4116 McKinney St,,2019,1,Water,217.29,,
8511 Westknoll Ln,,2018,11,Repair & Maint.,216.50,,
10647 Hazen St,,2020,11,Repair & Maint.,1250.00,Fireline Removal,
8307 Wahl Manor Ct,,2020,11,Insurance,1088.85,8307 Wahl Manor Insurance 11-15-2020 to 11-15-2021,
10647 Hazen St,,2020,11,Insurance,1036.00,Flood Insurance,
7303 Breen Dr,,2018,4,Trash,283.50,,
7303 Breen Dr,,2018,6,Trash,283.50,,
7303 Breen Dr,,2018,7,Trash,283.50,,
7303 Breen Dr,,2018,9,Trash,283.50,,
7303 Breen Dr,,2018,10,Trash,283.50,,
8511 Westknoll Ln,,2019,7,Landscaping,211.09,,
6209 Romona Blvd,,2020,11,Misc,998.90,Tax appeal,
7303 Breen Dr,,2018,11,Trash,283.50,,
8523 Causeway Dr,,2018,5,Repair & Maint.,200.00,,
7303 Breen Dr,,2018,12,Trash,283.50,,
7303 Breen Dr,,2018,9,Landscaping,280.00,,
10647 Hazen St,,2020,11,Repair & Maint.,950.00,Gutter Repair. No invoice,
4102-4116 McKinney St,4106,2020,11,Repair & Maint.,853.00,"Repair - TB16W7EB-Owner approved purchase of
Samsung High Effiency Black Stainless Front Load
Washer & 5 yr protection plan",
7303 Breen Dr,D1,2020,11,Repair & Maint.,464.39,Water Heater,
6135 Cupertino Trail,,2020,11,Misc,445.00,Inspection,
7303 Breen Dr,,2018,1,Repair & Maint.,250.00,,
7303 Breen Dr,,2018,6,Landscaping,250.00,,
10647 Hazen St,,2018,12,Power,197.75,,
7303 Breen Dr,,2018,8,Landscaping,250.00,,
4102-4116 McKinney St,,2019,4,Water,196.51,,
4102-4116 McKinney St,,2019,7,Landscaping,194.00,,
7303 Breen Dr,,2018,10,Landscaping,250.00,,
4102-4116 McKinney St,,2019,12,Misc,184.00,,
4102-4116 McKinney St,,2018,8,Water,180.06,,
4102-4116 McKinney St,,2018,11,Power,176.43,,
7303 Breen Dr,,2019,4,Landscaping,250.00,,
7303 Breen Dr,,2019,7,Landscaping,250.00,,
6135 Cupertino Trl,,2020,11,Misc,445.00,Inspection Invoice,
4102-4116 McKinney St,,2019,8,Power,166.10,,
General,,2020,11,Repair & Maint.,397.44,Home Depot,
4102-4116 McKinney St,,2019,3,Water,153.12,,
8523 Causeway Dr,,2018,3,Repair & Maint.,151.55,,
4102-4116 McKinney St,,2019,5,Water,150.25,,
7303 Breen Dr,D1,2020,11,Repair & Maint.,380.62,Bathroom doors,
7303 Breen Dr,,2020,11,Trash,371.31,,
7303 Breen Dr,,2019,9,Landscaping,250.00,,
7303 Breen Dr,,2020,11,Water,316.79,,
7303 Breen Dr,,2020,11,Landscaping,250.00,"Landscaping, Trash Pickup, Bush Trimming. Paid on 09/21/2020",
4102-4116 McKinney St,4112,2020,11,Repair & Maint.,250.00,"Single Unit - Tenant Distribution -
Refunding cleaning deduction from
deposit per owner approval",
4102-4116 McKinney St,,2019,9,Power,125.96,,
10647 Hazen St,,2020,11,Repair & Maint.,238.15,Replace dryer heater element,
4102-4116 McKinney St,4108,2020,11,Repair & Maint.,238.15,Washer lip switch 80. Replace the cover lip switch 80. Dryer replace thermo fuse 60. Tax 18.15,
4102-4116 McKinney St,4106,2020,11,Power,218.20,Electricity - Bill 10/12/20 - 11/10/20,
4102-4116 McKinney St,4106,2020,11,Repair & Maint.,216.50,Dryer - check and replace bolt 120. Washer - Need to replace control board 80. Tax 16.50,
7303 Breen Dr,H,2020,11,Management Fee,200.00,Broker Commission,
4102-4116 McKinney St,4104,2020,11,Repair & Maint.,172.99,Electricity - 4780432827990849796 replace bulb in bath and bed room ceiling,
General,,2020,11,Misc,161.01,No invoice,
7303 Breen Dr,D1,2020,11,Repair & Maint.,142.33,Hardware,
4102-4116 McKinney St,4108,2020,11,Repair & Maint.,129.90,Check and replace dryer belt,
4102-4116 McKinney St,4112,2020,11,Commission,125.00,,
4102-4116 McKinney St,4104,2020,11,Management Fee,125.00,Commission,
4102-4116 McKinney St,4106,2020,11,Management Fee,125.00,Commission,
4102-4116 McKinney St,4110,2020,11,Commission,125.00,,
4102-4116 McKinney St,4114,2020,11,Commission,125.00,,
4102-4116 McKinney St,4116,2020,11,Commission,125.00,,
4102-4116 McKinney St,4108,2020,11,Commission,125.00,,
4102-4116 McKinney St,4112,2020,11,Repair & Maint.,120.00,Repair - Technician came to the house and flush out the water heater - 1254,
General,,2020,11,Misc,112.24,Food. No invoice,
4102-4116 McKinney St,,2020,11,Landscaping,110.00,Paid on 9/21/2020,
4102-4116 McKinney St,4108,2020,11,Repair & Maint.,97.50,"Repair - Technician came to the house because a tenant
did not have hot water upon inspection of water heater
technician found that the actual breaker box and the GFI
had tripped out on the water heater The technician just turn
on the breaker and flip the GFI swit - 1263",
7303 Breen Dr,,2020,11,Power,75.34,,
4102-4116 McKinney St,,2020,11,Misc,75.33,Camera,
4102-4116 McKinney St,,2020,11,Misc,75.33,Camera,
14258 Valverde Point Ln,,2020,11,Gas,57.00,,
General,,2020,11,Misc,46.76,Food. No invoice,
7303 Breen Dr,D1,2020,11,Power,46.72,,Y
14258 Valverde Point Ln,,2020,11,Landscaping,45.00,,
14258 Valverde Point Ln,,2020,11,Water,44.36,,
14258 Valverde Point Ln,,2020,11,Water,43.26,,
General,,2020,11,Misc,42.49,Megabus,
General,,2020,11,Misc,40.49,Megabus,
General,,2020,11,Misc,39.00,Food. No invoice,
General,,2020,11,Misc,39.00,Food. No invoice,
7303 Breen Dr,,2017,11,Power,379.05,,
General,,2020,11,Misc,37.00,Food. No invoice,
General,,2020,11,Misc,35.49,Megabus,
4102-4116 McKinney St,,2019,3,Landscaping,120.00,,
4102-4116 McKinney St,,2019,8,Landscaping,120.00,,
General,,2020,11,Misc,34.00,Food. No invoice,
General,,2020,11,Misc,33.00,Food. No invoice,
7303 Breen Dr,,2020,11,Misc,32.18,Camera,
8511 Westknoll Ln,,2018,5,Water,118.50,,
7303 Breen Dr,,2019,10,Landscaping,225.00,,
4102-4116 McKinney St,,2018,9,Water,111.70,,
4102-4116 McKinney St,,2019,9,Landscaping,110.00,,
4102-4116 McKinney St,4106,2020,11,Water,30.04,Water - 432860515076 Bill 9/29/20 - 10/28/20 - 432860515076| 4328-6051-5076(102820),
General,,2020,11,Misc,30.00,Food. No invoice,
General,,2020,11,Misc,30.00,Food. No invoice,
General,,2020,11,Misc,27.00,Food. No invoice,
General,,2020,11,Misc,24.77,Food. No invoice,
4102-4116 McKinney St,,2019,11,Misc,105.47,,
General,,2020,11,Misc,24.00,Food. No invoice,
4102-4116 McKinney St,4112,2020,11,Water,20.89,Water - 851017101094 Bill 9/26/20 - 10/12/20 - 851017101094| 8510-1710-1094(102820),
7303 Breen Dr,,2019,6,Landscaping,215.00,,
14258 Valverde Point Ln,,2020,11,Power,20.54,,
General,,2020,11,Misc,19.42,Food. No invoice,
General,,2020,11,Misc,9.20,Food. No invoice,
7303 Breen Dr,,2017,11,Landscaping,415.00,,
General,,2020,11,Misc,8.65,Food. No invoice,
7303 Breen Dr,,2018,5,Landscaping,200.00,,
7303 Breen Dr,,2018,11,Landscaping,200.00,,
7303 Breen Dr,,2019,1,Landscaping,200.00,,
7303 Breen Dr,,2019,5,Landscaping,200.00,,
7303 Breen Dr,,2019,12,Landscaping,200.00,,
8511 Westknoll Ln,,2018,6,Landscaping,100.00,,
7747 Mesa Ranch Trail,,2020,10,Insurance,923.00,10/26/2020 - 10/26/2021 Property Insurance,
4102-4116 McKinney St,4112,2020,10,Management Fee,800.00,Landlord Broker Lease Commission ,
4102-4116 McKinney St,4112,2020,10,Management Fee,800.00,Tenant Broker Lease Commission,
4102-4116 McKinney St,4108,2020,10,Management Fee,775.00,Lease Commission - Tenant Broker Lease Commission - Chance Brown Real Estate LLC,
4102-4116 McKinney St,,2019,9,Misc,93.86,,
4102-4116 McKinney St,,2019,10,Misc,93.86,,
4102-4116 McKinney St,4108,2020,10,Management Fee,775.00,Lease Commission - Landlord Broker Lease Commission - Green Real Estate Group LLC (Echeck),
4102-4116 McKinney St,,2019,2,Misc,93.58,,
4102-4116 McKinney St,,2019,3,Misc,93.58,,
4102-4116 McKinney St,,2019,4,Misc,93.58,,
4102-4116 McKinney St,,2019,5,Misc,93.49,,
4102-4116 McKinney St,,2019,6,Misc,93.49,,
4102-4116 McKinney St,4108,2020,10,Repair & Maint.,600.00,Repair - toilet rebuild and water heater service - 1252,
4102-4116 McKinney St,,2019,1,Misc,92.90,,
7303 Breen Dr,,2017,12,Power,420.13,,
8511 Westknoll Ln,,2019,3,Gas,88.79,,
7103 Pavilion Dr,,2019,9,Misc,86.70,,
8523 Causeway Dr,,2018,7,Misc,81.50,,
4102-4116 McKinney St,,2018,8,Power,80.50,,
4102-4116 McKinney St,,2019,1,Landscaping,80.00,,
4102-4116 McKinney St,,2019,2,Landscaping,80.00,,
4102-4116 McKinney St,,2019,4,Landscaping,80.00,,
4102-4116 McKinney St,,2019,5,Landscaping,80.00,,
4102-4116 McKinney St,,2019,6,Landscaping,80.00,,
4102-4116 McKinney St,,2019,10,Landscaping,80.00,,
4102-4116 McKinney St,,2019,12,Landscaping,80.00,,
7303 Breen Dr,D1,2020,10,Misc,500.18,Materials,
7303 Breen Dr,,2020,10,Repair & Maint.,450.00,Breen sign removal,
7303 Breen Dr,,2020,10,Water,396.31,,
7303 Breen Dr,,2020,10,Trash,371.31,,
8511 Westknoll Ln,,2020,10,Repair & Maint.,270.63,Tree Service,
4102-4116 McKinney St,4106,2020,10,Power,250.25,Reliant Electricity,
7303 Breen Dr,,2017,10,Landscaping,435.00,,
7103 Pavilion Dr,,2018,12,Repair & Maint.,75.00,,
4102-4116 McKinney St,4112,2020,10,Repair & Maint.,250.00,Karla Brizuela  - Professional Cleaning - deep cleaning - 156,
14258 Valverde Point Ln,,2020,10,Power,226.24,,
8523 Causeway Dr,,2019,1,Management Fee,70.00,,
7103 Pavilion Dr,,2019,3,Management Fee,70.00,,
7303 Breen Dr,D1,2020,10,Repair & Maint.,219.29,Paint Invoice,
7303 Breen Dr,,2018,10,Misc,196.88,,
14258 Valverde Point Ln,,2020,10,Misc,216.50,Cleaning. No invoice,
7303 Breen Dr,,2019,4,Repair & Maint.,188.36,,
8511 Westknoll Ln,,2018,6,Water,66.77,,
7303 Breen Dr,,2019,9,Misc,175.00,,
8511 Westknoll Ln,,2019,4,Gas,65.00,,
7303 Breen Dr,,2018,1,Power,172.84,,
7303 Breen Dr,,2020,10,Landscaping,215.00,Landscaping and Trash Pickup. Paid on 09/21/2020,
7303 Breen Dr,J,2020,10,Repair & Maint.,131.69,Extractor Material,
4102-4116 McKinney St,4114,2020,10,Management Fee,125.00,Commission,
4102-4116 McKinney St,4116,2020,10,Management Fee,125.00,Commission,
7303 Breen Dr,,2019,2,Power,118.16,,
8511 Westknoll Ln,,2019,5,Gas,57.03,,
7303 Breen Dr,,2017,10,Trash,555.18,,
8523 Causeway Dr,,2019,8,Misc,50.63,,
7303 Breen Dr,,2018,4,Advertising,104.00,,
7303 Breen Dr,,2018,5,Advertising,104.00,,
7303 Breen Dr,,2018,6,Advertising,104.00,,
8307 Wahl Manor Ct,,2019,3,Water,47.04,,
4102-4116 McKinney St,,2019,2,Water,45.22,,
7303 Breen Dr,,2018,7,Advertising,104.00,,
7303 Breen Dr,,2018,8,Advertising,104.00,,
7303 Breen Dr,,2018,9,Advertising,104.00,,
7303 Breen Dr,,2018,10,Advertising,104.00,,
7303 Breen Dr,,2018,11,Advertising,104.00,,
8511 Westknoll Ln,,2019,5,Power,15.95,,
8511 Westknoll Ln,,2018,5,Gas,40.00,,
4102-4116 McKinney St,4108,2020,10,Management Fee,125.00,Commission ,
7303 Breen Dr,,2018,12,Advertising,104.00,,
7303 Breen Dr,,2019,1,Advertising,104.00,,
7303 Breen Dr,,2019,2,Advertising,104.00,,
4102-4116 McKinney St,4110,2020,10,Management Fee,125.00,Commission ,
7303 Breen Dr,,2019,3,Advertising,104.00,,
8511 Westknoll Ln,,2019,4,Power,12.83,,
7103 Pavilion Dr,,2019,1,Water,23.33,,
7103 Pavilion Dr,,2019,2,Water,23.33,,
8511 Westknoll Ln,,2018,8,Gas,21.53,,
8061 19th St,,2018,6,Water,20.82,,
10647 Hazen St,,2019,6,Water,19.35,,
10647 Hazen St,,2019,1,Water,18.83,,
8511 Westknoll Ln,,2018,7,Gas,18.31,,
10647 Hazen St,,2019,12,Water,18.15,,
7303 Breen Dr,,2019,4,Advertising,104.00,,
7303 Breen Dr,,2019,5,Advertising,104.00,,
8511 Westknoll Ln,,2019,5,Water,15.50,,
10647 Hazen St,,2018,4,Water,13.97,,
10647 Hazen St,,2019,4,Water,13.31,,
8307 Wahl Manor Ct,,2019,1,Power,24.67,,
8307 Wahl Manor Ct,,2018,12,Power,12.40,,
10647 Hazen St,,2018,1,Water,6.05,,
10647 Hazen St,,2019,7,Water,6.05,,
10647 Hazen St,,2019,9,Water,6.05,,
4102-4116 McKinney St,4112,2020,10,Management Fee,125.00,Commission,
10647 Hazen St,,2018,6,Water,5.26,,
10647 Hazen St,,2019,12,Power,2.48,,
7303 Breen Dr,,2019,6,Advertising,104.00,,
4102-4116 McKinney St,4106,2020,10,Management Fee,125.00,Commission,
4102-4116 McKinney St,4108,2020,10,Repair & Maint.,120.00,"Repair - Technician reseal the shower drain on the master
bath shower and also the hall bath shower drain - 1253 ",
7303 Breen Dr,,2017,10,Power,589.09,,
4102-4116 McKinney St,4108,2020,10,Power,90.05,Single Unit - Electricity - Final Bill 9/11/20 - 10/1/20 ,
10647 Hazen St,,2020,10,Misc,88.93,Unmetered Fireline Removal,
10647 Hazen St,,2020,10,Water,88.93,Hazen Water,
7747 Mesa Ranch Trail,,2020,10,Trash,86.57,Trash Can,
7303 Breen Dr,J,2020,10,Misc,86.57,Extractor parts,
4102-4116 McKinney St,,2020,10,Landscaping,80.00,Paid on 9/21/2020,
4102-4116 McKinney St,All,2020,10,Misc,75.33,Camera,
4102-4116 McKinney St,All,2020,10,Misc,75.33,Camera,
14258 Valverde Point Ln,,2020,10,Misc,75.15,Trashcan,
7747 Mesa Ranch Trail,,2020,10,Misc,75.15,Trash can,
4102-4116 McKinney St,4110,2020,10,Repair & Maint.,75.00,"Mairathon Cooling & Heating LLC - HVAC (Heat, Ventilation, Air) - Responded to call about
home not cooling.Outdoor unit is running but indoor unit is
not.Checked indoor equipment and found the ecmblower
motor not running.Motor has power to it and proper voltage
but isnot running.Ecm blower motor needs to be replaced to
- 1475",
7303 Breen Dr,,2020,10,Power,62.26,,
10647 Hazen St,,2020,10,Landscaping,60.00,Gutter Cleaning,
14258 Valverde Point Ln,,2020,10,Gas,57.00,,
7747 Mesa Ranch Trail,,2020,10,Water,45.77,,
14258 Valverde Point Ln,,2020,10,Water,43.43,,
7747 Mesa Ranch Trail,,2020,10,Water,38.11,,
7747 Mesa Ranch Trail,,2020,10,Water,37.00,Mud,
7303 Breen Dr,,2020,10,Misc,32.18,Camera,
4102-4116 McKinney St,4106,2020,10,Water,29.26,City of Houston Water,
4102-4116 McKinney St,4108,2020,10,Water,23.09,Water - 432860516074 Bill 8/25/20 - 9/29/20 - 432860516074| 4328-6051-6074(092920) ,
4102-4116 McKinney St,4112,2020,10,Water,21.25,City of Houston Water,
7303 Breen Dr,D1,2020,10,Power,20.05,,
7303 Breen Dr,D1,2020,10,Power,5.07,,
14258 Valverde Point Ln,,2020,10,Water,4.03,Extra,
General,,2020,9,Insurance,7302.76,Grand total,
4102-4116 McKinney St,4108,2020,9,Repair & Maint.,3850.00,Repair - Install missing siding and paint at front elevation,
7747 Mesa Ranch Trail,,2020,9,Misc,3257.46,Appliances,
7303 Breen Dr,D1,2020,9,Repair & Maint.,3200.00,Plumbing services,
14258 Valverde Point Ln,,2020,9,Repair & Maint.,1100.00,Windows blind installation. No invoice,
4102-4116 McKinney St,4116,2020,9,Repair & Maint.,1080.00,Repair - Secondary damages to kitchen and garage ceilings,
14258 Valverde Point Ln,,2020,9,Insurance,944.00,Property Insurance,
7303 Breen Dr,,2020,9,Insurance,717.15,Liability Insurance,
4102-4116 McKinney St,,2020,9,Misc,600.00,ACM Motor 1/2 hp,
7303 Breen Dr,,2020,9,Water,430.39,,
7303 Breen Dr,,2020,9,Misc,426.86,Camera. Receipt not invoice,
7303 Breen Dr,,2020,9,Trash,371.31,,
4102-4116 McKinney St,4112,2020,9,Repair & Maint.,370.00,R L Eakin Construction LLC-  Owner Paid: Make Ready Costs - remove cat fences in garage and install wire mesh,
7303 Breen Dr,,2020,9,Landscaping,215.00,Paid on 07/16/2020,N
14258 Valverde Point Ln,,2020,9,Power,208.35,,
14258 Valverde Point Ln,,2020,9,Misc,200.00,Multiple properties invoice. Pest Control. One bill of $400 for both 14258 Valverde Point and 7747 Mesa Ranch Trail,
7747 Mesa Ranch Trail,,2020,9,Misc,200.00,Multiple properties invoice.  Pest Control. One bill of $400 for both 14258 Valverde Point and 7747 Mesa Ranch Trail,
4102-4116 McKinney St,4108,2020,9,Power,181.15,Reliant Electricity - Bill 8/12/20 - 9/11/20 ,
4102-4116 McKinney St,4112,2020,9,Power,169.16,Reliant - Single Unit - Electricity - Bill 8/12/20 - 9/11/20,
7747 Mesa Ranch Trail,,2020,9,Repair & Maint.,160.00,Front door entry light,
4102-4116 McKinney St,,2020,9,Landscaping,150.00,Paid on 07/16/2020,N
7103 Pavilion Dr,,2020,9,Landscaping,135.00,Mulch Service,
4102-4116 McKinney St,4102,2020,9,Management Fee,125.00,Commission,
4102-4116 McKinney St,4104,2020,9,Management Fee,125.00,Commission,
4102-4116 McKinney St,4106,2020,9,Management Fee,125.00,Commission,
4102-4116 McKinney St,4110,2020,9,Management Fee,125.00,Commission,
4102-4116 McKinney St,4116,2020,9,Commission,125.00,Commission,
4102-4116 McKinney St,4114,2020,9,Management Fee,125.00,Commission,
10647 Hazen St,,2020,9,Repair & Maint.,108.25,Kommore fridge door switch,
4102-4116 McKinney St,4116,2020,9,Repair & Maint.,98.23,Mr. Rekey of Houston LLC - Owner Paid: Make Ready Costs - Rekey Property to NA,
4102-4116 McKinney St,All,2020,9,Misc,75.33,Camera,
7303 Breen Dr,,2020,9,Power,48.57,,
14258 Valverde Point Ln,,2020,9,Water,38.87,No invoice,
General,,2020,9,Misc,30.00,Wire transfer fee,
14258 Valverde Point Ln,,2020,9,Power,29.67,,
General,,2020,9,Power,23.94,,
4102-4116 McKinney St,4108,2020,9,Water,23.31,City of Houston Water,
4102-4116 McKinney St,4112,2020,9,Water,21.25,City of Houston Water - 851017101094 Bill 8/5/20 - 8/25/20,
General,,2020,9,Power,15.64,,
General,,2020,9,Power,7.28,,
7303 Breen Dr,D1,2020,9,Power,5.07,,
7303 Breen Dr,,2020,8,Misc,6694.69,Tax Appeal Invoice,
4102-4116 McKinney St,4112,2020,8,Repair & Maint.,860.00,"Owner Paid: Make Ready Costs - paint garage door; touch up walls, trim, doors and window sills; replace light bulbs; adj kitchen cabinets; tighten shower head; recaulk 3 showers; caulk crack and touch up",
7623 Mesa Ranch Trail,,2020,8,Misc,806.00,Property Insurance,
7623 Mesa Ranch Trail,,2020,8,Landscaping,750.00,Lawn Installation,
7303 Breen Dr,,2020,8,Misc,558.00,Liability Insurance,
7303 Breen Dr,,2020,8,Water,384.95,,
7303 Breen Dr,,2020,8,Trash,331.47,,
4102-4116 McKinney St,4104,2020,8,Repair & Maint.,264.00,"Mairathon Cooling & Heating LLC HVAC (Heat, Ventilation, Air) - installed new honeywell T4 pro thermosta",
7303 Breen Dr,D1,2020,8,Power,223.99,,
7303 Breen Dr,,2020,8,Landscaping,215.00,Paid on 07/16/2020,N
7747 Mesa Ranch Trail,,2020,8,Misc,200.00,Multiple properties invoice.  Pest Control,
7103 Pavilion Dr,,2020,8,Landscaping,128.00,Landscaping + Gutter Clean,
4102-4116 McKinney St,4102,2020,8,Management Fee,125.00,Commission,
4102-4116 McKinney St,4104,2020,8,Management Fee,125.00,Commission,
4102-4116 McKinney St,4106,2020,8,Management Fee,125.00,Commission,
4102-4116 McKinney St,4110,2020,8,Management Fee,125.00,Commission,
4102-4116 McKinney St,4114,2020,8,Management Fee,125.00,Commission,
4102-4116 McKinney St,,2020,8,Landscaping,110.00,Paid on 07/16/2020,N
4102-4116 McKinney St,4106,2020,8,Water,100.00,City of Houston Water Deposit,
4102-4116 McKinney St,4116,2020,8,Management Fee,84.68,Pro Rata Management Fee,
4102-4116 McKinney St,All,2020,8,Misc,75.33,Camera,
4102-4116 McKinney St,4112,2020,8,Power,62.27,Single Unit - Electricity - Bill 7/31/20 - 8/12/20,
General,,2020,8,Misc,47.00,Food. No invoice,                                                                                                                                                                                                                                                                                                                                                                                                                                                                                 
General,,2020,8,Misc,45.74,Megabus travel,
8511 Westknoll Ln,,2020,8,Repair & Maint.,45.00,Gutter Cleaning ,N
7103 Pavilion Dr,,2020,8,Repair & Maint.,45.00,Gutter clean,
7303 Breen Dr,,2020,8,Power,40.45,,
7103 Pavilion Dr,,2020,8,Landscaping,40.00,Bush Trim,
7303 Breen Dr,,2020,8,Misc,32.18,Camera,
General,,2020,8,Misc,30.00,Wire transfer fee,
General,,2020,8,Misc,21.92,Order checks,
4102-4116 McKinney St,4106,2020,8,Water,11.93,City of Houston Water Deposit,
7623 Mesa Ranch Trail,,2020,8,Water,8.00,,N
General,,2020,8,Misc,2.10,USPS Change of Address,
4102-4116 McKinney St,,2020,8,Misc,887.25,Property Insurance,
7303 Breen Dr,D1,2020,7,Repair & Maint.,3800.00,Mop sink,
4102-4116 McKinney St,4108,2020,7,Repair & Maint.,1555.00,"Single Unit - Owner Paid: Make Ready Costs - repair sheetrock on 3rd floor bedroom; repair sheetrock on kitchen ceiling, garage,;repair stairwell",
4102-4116 McKinney St,4108,2020,7,Repair & Maint.,1050.00,Owner Paid: Make Ready Costs - roof repairs( replace 2 roof jacks); investigation fee,
4102-4116 McKinney St,4116,2020,7,Management Fee,825.00,Landlord Broker Lease Commission,
4102-4116 McKinney St,4116,2020,7,Management Fee,825.00,Tenant Broker Lease Commission,
4102-4116 McKinney St,,2020,7,Repair & Maint.,720.00,Multiple properties invoice. A/C Maintenance,
7303 Breen Dr,,2020,7,Water,646.23,,
4102-4116 McKinney St,4108,2020,7,Misc,557.36,Deposit Refund,
4102-4116 McKinney St,4108,2020,7,Misc,557.36,Security Deposit Refund,
7303 Breen Dr,,2020,7,Trash,331.47,,
4102-4116 McKinney St,,2020,7,Repair & Maint.,300.00,Multiple properties invoice. Termite prevention,
4102-4116 McKinney St,,2020,7,Repair & Maint.,240.00,Multiple properties invoice. Drain pan replacement,
4102-4116 McKinney St,4116,2020,7,Repair & Maint.,240.00,D & P Plumbing and Warranty Services Repair - Technician came and re caulk all the way around the master shower walls and also replace the gasket on the master shower drain,
8307 Wahl Manor Ct,,2020,7,Repair & Maint.,240.00,Multiple properties invoice. Drain pan replacement,
7303 Breen Dr,D1,2020,7,Power,208.35,,
4102-4116 McKinney St,4116,2020,7,Power,202.31,Electricity - Final Bill 6/12/20 - 7/11/20,
7303 Breen Dr,,2020,7,Landscaping,200.00,Lawn + trash cleaning / pickup,N
4102-4116 McKinney St,4116,2020,7,Repair & Maint.,195.00,D & P Plumbing and Warranty Services Repair - Repair - Technician came to the house because there's a water leak coming from the second floor shower. Technician found that the grout was already cracked around the shower base so every time they can take a shower water will go down the WallsTechnician recaulk a,
7303 Breen Dr,D1,2020,7,Power,192.00,Connection charge,
4102-4116 McKinney St,4108,2020,7,Power,160.66,Reliant Electricity,
4102-4116 McKinney St,4110,2020,7,Commission,125.00,Commission,
4102-4116 McKinney St,4114,2020,7,Commission,125.00,Commission,
4102-4116 McKinney St,4102,2020,7,Repair & Maint.,125.00,Handyman Service Call - T42X9K8 Handyman replaced garage light bulbs - #T42X9K8 Garage light is out and tenant does not have a ladder that will reach ,
4102-4116 McKinney St,4102,2020,7,Management Fee,125.00,Commission,
4102-4116 McKinney St,4104,2020,7,Management Fee,125.00,Commission,
4102-4116 McKinney St,4106,2020,7,Management Fee,125.00,Commission,
4102-4116 McKinney St,4110,2020,7,Management Fee,125.00,Commission,
4102-4116 McKinney St,4114,2020,7,Management Fee,125.00,Commission,
4102-4116 McKinney St,4116,2020,7,Management Fee,125.00,Commission,
4102-4116 McKinney St,4112,2020,7,Commission,125.00,Commission,
4102-4116 McKinney St,4112,2020,7,Management Fee,125.00,Commission,
4102-4116 McKinney St,4102,2020,7,Repair & Maint.,113.34,Repair - microwave needs a light bulb. Replaced lightbulb,
7303 Breen Dr,D1,2020,7,Misc,108.25,"Locksmith, Re-key",N
4102-4116 McKinney St,4108,2020,7,Power,100.16, Reliant Single Unit - Electricity - Bill 5/30/20 - 6/12/20 ,
4102-4116 McKinney St,4116,2020,7,Power,94.21,Reliant Electricity,
10647 Hazen St,,2020,7,Repair & Maint.,90.00,Multiple properties invoice. A/C Maintenance,
8523 Causeway Dr,,2020,7,Repair & Maint.,90.00,Multiple properties invoice. A/C Maintenance,
8307 Wahl Manor Ct,,2020,7,Repair & Maint.,90.00,Multiple properties invoice. A/C Maintenance,
7103 Pavilion Dr,,2020,7,Repair & Maint.,90.00,Multiple properties invoice. A/C Maintenance,
10647 Hazen St,,2020,7,Repair & Maint.,90.00,Multiple properties invoice. Checking water leak,
7303 Breen Dr,,2018,2,Power,72.44,,
7303 Breen Dr,,2018,4,Power,70.39,,
7303 Breen Dr,,2018,12,Power,68.87,,
7303 Breen Dr,,2018,3,Power,68.21,,
7303 Breen Dr,,2018,11,Power,68.18,,
7303 Breen Dr,,2018,5,Power,65.90,,
7303 Breen Dr,,2018,6,Power,64.99,,
7303 Breen Dr,,2018,8,Power,64.95,,
7303 Breen Dr,,2018,9,Power,63.74,,
7303 Breen Dr,,2018,7,Power,62.41,,
8523 Causeway Dr,,2020,7,Repair & Maint.,80.00,Multiple properties invoice. Termite prevention,
10647 Hazen St,,2020,7,Repair & Maint.,80.00,Multiple properties invoice. Termite prevention,
8307 Wahl Manor Ct,,2020,7,Repair & Maint.,80.00,Multiple properties invoice. Termite prevention,
7103 Pavilion Dr,,2020,7,Repair & Maint.,80.00,Multiple properties invoice. Termite prevention,
8511 Westknoll Ln,,2020,7,Repair & Maint.,80.00,Multiple properties invoice. Termite prevention,
7303 Breen Dr,,2018,10,Power,58.39,,
10647 Hazen St,,2020,7,Repair & Maint.,80.00,Multiple properties invoice. Checking refrigerator,
4102-4116 McKinney St,,2020,7,Landscaping,80.00,Lawn,Y
7303 Breen Dr,,2019,3,Power,54.55,,
7303 Breen Dr,,2017,10,Repair & Maint.,900.00,,
4102-4116 McKinney St,All,2020,7,Misc,77.82,Camera,
7303 Breen Dr,,2020,7,Power,38.88,,
General,,2020,7,Misc,34.00,Food. No invoice,
7303 Breen Dr,,2019,10,Power,49.00,,
7303 Breen Dr,,2019,4,Power,48.92,,
7303 Breen Dr,,2020,7,Misc,32.18,Camera,N
4102-4116 McKinney St,4116,2020,7,Water,23.55,City of Houston Water fees,
4102-4116 McKinney St,4108,2020,7,Water,19.91,Single Unit - Water - Fees,
4102-4116 McKinney St,4108,2020,7,Water,19.91,City of Houston Water,
General,,2020,7,Misc,17.59,Gas. No invoice,
General,,2020,7,Misc,10.39,Food. No invoice,
General,,2020,7,Misc,8.59,Chick fillet,
General,,2020,7,Misc,6.00,UPS,
7303 Breen Dr,D1,2020,6,Repair & Maint.,3800.00,AC Duct Rework,N
4102-4116 McKinney St,4108,2020,6,Repair & Maint.,1737.00,Owner Paid: Make Ready Costs - R L Eakin Construction LLC touch up walls; replace light bulbs; install 1 cable cover; remove trash,
4102-4116 McKinney St,4102,2020,6,Management Fee,1700.00,"Green Real Estate Group, LLC. Landlord Broker Lease Commission",
General,,2018,4,Misc,300.00,Inspection fee for 7602 Winter Glen Lane Houston TX 77072,N
4102-4116 McKinney St,4116,2020,6,Repair & Maint.,1201.00,"Owner Paid: Make Ready Costs - touch up walls; replace
light bulbs; investigate old water marks; replace bathroom
baseboard; replace tp holder; tighten towel bar; remove
hook from ceiling fan; repair cracks in kitchen",
4102-4116 McKinney St,4116,2020,6,Repair & Maint.,618.00,"R L Eakin Construction LLC touch up trim, doors and window wills; repair and paint door jamb in garage; hung drapes; repair sheetrock on garage ceiling; make ready trip charge",
7303 Breen Dr,,2020,6,Water,498.55,,
4102-4116 McKinney St,4116,2020,6,Repair & Maint.,400.00,R L Eakin Construction LLC Owner Paid: Make Ready Costs - Haul away items; commercial freezer and fryer in the garage,
7303 Breen Dr,,2020,6,Trash,331.47,Trash,Y
7303 Breen Dr,,2017,10,Management Fee,1200.00,,
4102-4116 McKinney St,4102,2020,6,Misc,328.01,Tax Appeal 2020,N
4102-4116 McKinney St,4110,2020,6,Water,325.00,"Repair - Repair shower leak and drywall, patch, texture and paint to match",
4102-4116 McKinney St,4104,2020,6,Repair & Maint.,280.00,"Green Residential Handyman - Whole Unit - Handyman Service Call - Nathan (Green
residential handyman) Removed wet sheetrock and let area
affected by leak dry out. Bleached area inside and outside of
wall that had mold forming. Patched area. Textured area.
Meld #T084HBX - Repair damaged wall area in garage",
4102-4116 McKinney St,4116,2020,6,Repair & Maint.,270.63,"Modern Maids Owner Paid: Make Ready Costs - 1,201 - 2,000 Sq Ft: Make Ready - GR0101",
4102-4116 McKinney St,4102,2020,6,Repair & Maint.,251.70,"Garage Door of Texas Repair - 4780788311797805069 Service garage goor; (2)
new remotes; (2) 9' Struts top section cracking. -
4780788311797805069| 05069-052820",
7303 Breen Dr,,2019,5,Power,44.51,,
7303 Breen Dr,,2017,11,Management Fee,1200.00,,
7303 Breen Dr,,2017,12,Management Fee,1200.00,,
7303 Breen Dr,,2019,6,Power,43.22,,
7303 Breen Dr,,2019,7,Power,42.20,,
7303 Breen Dr,,2020,6,Landscaping,250.00,Lawn + trash cleaning / pickup,Y
7303 Breen Dr,,2019,9,Power,40.51,,
4102-4116 McKinney St,4108,2020,6,Repair & Maint.,150.00,Make Ready Supervision,
4102-4116 McKinney St,4102,2020,6,Management Fee,125.00,"Green Real Estate Group, LLC.Commissions Paid for 06/2020",
4102-4116 McKinney St,4104,2020,6,Management Fee,125.00,Commissions Paid,
4102-4116 McKinney St,4106,2020,6,Management Fee,125.00,Commissions Paid,
4102-4116 McKinney St,4114,2020,6,Commission,125.00,Commission,
4102-4116 McKinney St,,2021,1,Landscaping,150.00,Lawn,
4102-4116 McKinney St,4112,2020,6,Commission,125.00,Commission,
4102-4116 McKinney St,,2020,6,Landscaping,110.00,Lawn,Y
4102-4116 McKinney St,4108,2020,6,Repair & Maint.,100.66,Owner Paid: Make Ready Costs - Rekey Property,
4102-4116 McKinney St,4108,2020,6,Water,100.00,Single Unit - Water - COH Water Deposit,
4102-4116 McKinney St,4116,2020,6,Water,100.00,City of Houston Water Deposit,
4102-4116 McKinney St,4114,2020,6,Misc,95.35,Tax Appeal 2020,N
4102-4116 McKinney St,4104,2020,6,Misc,95.35,Tax Appeal 2020,N
4102-4116 McKinney St,4106,2020,6,Misc,95.35,Tax Appeal 2020,N
4102-4116 McKinney St,4108,2020,6,Misc,95.35,Tax Appeal 2020,N
4102-4116 McKinney St,4110,2020,6,Misc,95.35,Tax Appeal 2020,N
7303 Breen Dr,,2019,8,Power,40.24,,
4102-4116 McKinney St,4116,2020,6,Misc,95.35,Tax Appeal 2020,
4102-4116 McKinney St,4116,2020,6,Misc,95.35,Tax Appeal 2020,N
4102-4116 McKinney St,4112,2020,6,Misc,95.35,Tax Appeal 2020,N
4102-4116 McKinney St,4116,2020,6,Repair & Maint.,86.59,Rekey Property,
4102-4116 McKinney St,,2020,6,Misc,77.82,Camera Internet Invoice,Y
4102-4116 McKinney St,All,2020,6,Misc,77.82,Camera,
8523 Causeway Dr,,2020,6,Repair & Maint.,60.00,Gutter Cleaning ,N
7303 Breen Dr,,2020,6,Power,38.90,,
7303 Breen Dr,,2020,6,Misc,32.18,Camera,N
4102-4116 McKinney St,4102,2020,6,Water,29.67,City of Houston Water,
4102-4116 McKinney St,4108,2020,6,Water,11.93,Single Unit - Water - Fees,
4102-4116 McKinney St,4116,2020,6,Water,11.93,Water fees,
4102-4116 McKinney St,4102,2020,6,Management Fee,4.03,"Green Real Estate Group, LLC.Commissions Paid for 05/2020",
4102-4116 McKinney St,4102,2020,5,Repair & Maint.,2076.65,"Owner Paid: Make Ready Costs - finish wall repairs, paint
walls, apply one coat of flat paint, touch up closet; touch up
trim, doors, and window sills; replace light bulbs; rehang
bedroom curtain; unclog front bedroom toilet; replace
cabinet knobs",
7303 Breen Dr,,2020,5,Landscaping,1796.95,Trim 18 Trees,Y
8511 Westknoll Ln,,2020,5,Roof,1370.00,Roof repair,N
General,,2020,5,Repair & Maint.,722.50,Paypal General Contractor,
10647 Hazen St,,2020,5,Insurance,711.65,Property Insurance,
7303 Breen Dr,,2019,12,Power,34.40,,
10647 Hazen St,,2020,5,Misc,706.65,Property Insurance,N
7303 Breen Dr,D1,2020,5,Misc,675.00,Permit Invoice,N
8511 Westknoll Ln,,2020,5,Roof,647.50,Roof Repair,
7303 Breen Dr,,2020,5,Trash,331.47,,N
7303 Breen Dr,,2020,5,Trash,331.47,,N
7303 Breen Dr,,2020,5,Water,316.79,,N
10647 Hazen St,,2020,5,Repair & Maint.,295.00,"Leak, Interior, Plumbing",N
7303 Breen Dr,,2017,11,Water,2034.35,,
8511 Westknoll Ln,,2020,5,Repair & Maint.,295.00,Ceiling Repair,
10647 Hazen St,,2020,5,Repair & Maint.,216.50,"Restroom repair exhaust fan(150), sink leaking(50)",N
7303 Breen Dr,D2,2020,5,Repair & Maint.,216.50,Celing Replacement,N
4102-4116 McKinney St,,2020,5,Misc,163.38,Camera Service,N
General,,2020,5,Repair & Maint.,162.38,Paypal General Contractor,
10647 Hazen St,,2020,5,Repair & Maint.,150.00,Stove Repair,N
7303 Breen Dr,,2017,12,Water,2034.35,,
7103 Pavilion Dr,,2020,5,Repair & Maint.,129.90,AC Repair,N
4102-4116 McKinney St,4104,2020,5,Management Fee,125.00,Commission,
4102-4116 McKinney St,4106,2020,5,Management Fee,125.00,Commission,
4102-4116 McKinney St,4108,2020,5,Management Fee,125.00,Commission,
4102-4116 McKinney St,4110,2020,5,Management Fee,125.00,Commission,
4102-4116 McKinney St,4114,2020,5,Management Fee,125.00,Commission,
4102-4116 McKinney St,4112,2020,5,Management Fee,125.00,Commission,
4102-4116 McKinney St,4116,2020,5,Management Fee,116.94,Commission,
4102-4116 McKinney St,4104,2020,5,Repair & Maint.,112.94,"HVAC (Heat, Ventilation, Air) - Repaired main water line in
garage. The line was installed under too much strain, we
corrected the angle by drilling out the stud. Tested and
flushed system. - 16392",
4102-4116 McKinney St,4102,2020,5,Power,98.90,Reliant Electricity Bill,
7303 Breen Dr,J,2020,5,Repair & Maint.,92.01,AC Service,N
4102-4116 McKinney St,4102,2020,5,Misc,86.59,Rekey,
4102-4116 McKinney St,All,2020,5,Misc,77.82,Camera,
7303 Breen Dr,,2020,5,Power,43.23,,
7303 Breen Dr,,2020,5,Misc,32.18,ADT Invoice,N
10647 Hazen St,,2020,5,Water,6.66,,
4102-4116 McKinney St,,2020,5,Landscaping,80.00,"Paid on March 12,2020",Y
7303 Breen Dr,,2020,4,Misc,3298.40,Insurance Renewal,N
7303 Breen Dr,,2020,4,Insurance,2350.00,Property Insurance,
10647 Hazen St,,2020,4,Management Fee,1480.00,Realtor Commission,
7303 Breen Dr,J,2020,4,Management Fee,1200.00,Realtor Commission,
7303 Breen Dr,F,2020,4,Management Fee,1100.00,Realtor Commission,
General,,2020,4,Misc,497.00,Aceable Real Estate,
7303 Breen Dr,J,2020,4,Management Fee,400.00,Broker Commission,
7303 Breen Dr,,2020,4,Trash,331.47,,N
7303 Breen Dr,,2020,4,Water,258.25,,N
7303 Breen Dr,D2,2020,4,Repair & Maint.,220.00,Bathroom Wall Repair,N
10647 Hazen St,,2020,4,Misc,201.67,Tax Service Invoice,N
8511 Westknoll Ln,,2020,4,Misc,172.57,Tax Service Invoice,N
4102-4116 McKinney St,4102,2020,4,Management Fee,125.00,Commission,N
4102-4116 McKinney St,,2021,1,Landscaping,150.00,Prepaid. Invoice date 11/13/2020,
4102-4116 McKinney St,4104,2020,4,Management Fee,125.00,Commission,N
7303 Breen Dr,,2017,11,Repair & Maint.,2995.00,,
4102-4116 McKinney St,4106,2020,4,Management Fee,125.00,Commission,N
7303 Breen Dr,,2019,6,Misc,25.00,,
4102-4116 McKinney St,4108,2020,4,Management Fee,125.00,Commission,N
4102-4116 McKinney St,4110,2020,4,Management Fee,125.00,Commission,N
7303 Breen Dr,,2019,11,Power,16.54,,
4102-4116 McKinney St,4114,2020,4,Management Fee,125.00,Commission,N
4102-4116 McKinney St,4116,2020,4,Management Fee,125.00,Commission,N
4102-4116 McKinney St,4102,2020,4,Management Fee,125.00,Commission,
7303 Breen Dr,,2019,1,Misc,1.50,,
4102-4116 McKinney St,4104,2020,4,Management Fee,125.00,Commission,
7303 Breen Dr,,2017,10,Water,5367.56,,
4102-4116 McKinney St,4106,2020,4,Management Fee,125.00,Commission,
4102-4116 McKinney St,4108,2020,4,Management Fee,125.00,Commission,
4102-4116 McKinney St,4110,2020,4,Management Fee,125.00,Commission,
4102-4116 McKinney St,4114,2020,4,Management Fee,125.00,Commission,
4102-4116 McKinney St,4116,2020,4,Management Fee,125.00,Commission,
4102-4116 McKinney St,4112,2020,4,Management Fee,125.00,Commission,N
4102-4116 McKinney St,4112,2020,4,Management Fee,125.00,Commission,
4102-4116 McKinney St,4102,2020,4,Power,94.52,Reliant Electricity Bill,
7103 Pavilion Dr,,2020,4,Misc,93.83,Tax Service Invoice,N
4102-4116 McKinney St,,2020,4,Landscaping,80.00,,Y
7303 Breen Dr,,2020,4,Misc,77.82,Camera,N
4102-4116 McKinney St,All,2020,4,Misc,77.82,Camera,
7303 Breen Dr,,2020,4,Power,43.90,,
7303 Breen Dr,,2020,4,Misc,32.18,Camera. No invoice,
4102-4116 McKinney St,4102,2020,4,Water,28.85,Water City of Houston,
General,,2020,4,Power,14.74,,
10647 Hazen St,,2020,4,Water,6.05,,N
4102-4116 McKinney St,4106,2020,3,Roof,1515.00,Roof repair and dry wall damage due to leak,N
7303 Breen Dr,,2020,3,Landscaping,800.00,Power Wash,Y
7303 Breen Dr,,2020,3,Repair & Maint.,615.00,Glass + Door,Y
7303 Breen Dr,F,2020,3,Management Fee,400.00,Broker Commission,
7303 Breen Dr,,2020,3,Water,398.24,,N
7303 Breen Dr,,2020,3,Trash,331.47,,N
7303 Breen Dr,D2,2020,3,Repair & Maint.,324.75,AC Repair,N
General,,2020,3,Misc,218.80,Travel expense,
8511 Westknoll Ln,,2020,3,Repair & Maint.,216.50,Replace A/C Thermostats,N
7303 Breen Dr,,2020,3,Landscaping,215.00,Lawn,Y
7303 Breen Dr,,2020,3,Landscaping,200.00,Lawn,Y
4102-4116 McKinney St,4106,2020,3,Repair & Maint.,144.01,Dryer Repair,N
7303 Breen Dr,D2,2020,3,Power,135.04,,
4102-4116 McKinney St,4102,2020,3,Management Fee,125.00,Commission,N
4102-4116 McKinney St,4104,2020,3,Management Fee,125.00,Commission,N
4102-4116 McKinney St,4106,2020,3,Management Fee,125.00,Commission,N
4102-4116 McKinney St,4108,2020,3,Management Fee,125.00,Commission,N
4102-4116 McKinney St,4110,2020,3,Management Fee,125.00,Commission,N
4102-4116 McKinney St,4114,2020,3,Management Fee,125.00,Commission,N
4102-4116 McKinney St,4116,2020,3,Management Fee,125.00,Commission,N
4102-4116 McKinney St,4112,2020,3,Management Fee,125.00,Commission,N
10647 Hazen St,,2020,3,Repair & Maint.,120.00,Fix garage shorted circuit,N
4102-4116 McKinney St,,2020,3,Landscaping,120.00,Lawn,
4102-4116 McKinney St,4102,2020,3,Water,105.93,Water Deposit,N
7303 Breen Dr,,2020,3,Misc,89.83,Monitor purchase,
4102-4116 McKinney St,All,2020,3,Misc,77.82,Camera,
10647 Hazen St,,2020,3,Management Fee,70.00,Broker Commission,
General,,2020,3,Power,62.54,Missing invoice,
General,,2020,3,Repair & Maint.,54.08,Home Depot ,
7303 Breen Dr,,2020,3,Misc,53.36,No invoice,
7303 Breen Dr,,2020,3,Power,52.64,,
General,,2020,3,Power,51.05,,
10647 Hazen St,,2020,3,Landscaping,40.00,Lawn,Y
7303 Breen Dr,,2020,3,Misc,32.18,ADT,Y
7303 Breen Dr,,2020,2,Repair & Maint.,1800.00,Emergency Light Installation,
7303 Breen Dr,D1,2020,2,Repair & Maint.,1299.00,Transformer Invoice,
7303 Breen Dr,,2020,2,Misc,1082.50,Survey Update,N
8307 Wahl Manor Ct,,2020,2,Landscaping,481.71,Tree Trim,
7303 Breen Dr,,2020,2,Water,453.09,,N
7303 Breen Dr,,2020,2,Trash,331.48,,N
8523 Causeway Dr,,2020,2,Landscaping,303.16,Tree Trim,
7303 Breen Dr,,2017,12,Repair & Maint.,25725.00,,
4102-4116 McKinney St,,2020,2,Repair & Maint.,250.00,Repair,
7303 Breen Dr,All,2020,2,Repair & Maint.,226.24,Fire Extinguisher Installation,
8523 Causeway Dr,,2020,2,Repair & Maint.,216.50,AC Service,
4102-4116 McKinney St,4102,2020,2,Management Fee,125.00,Commission,N
4102-4116 McKinney St,4104,2020,2,Management Fee,125.00,Commission,N
4102-4116 McKinney St,4106,2020,2,Management Fee,125.00,Commission,N
4102-4116 McKinney St,4108,2020,2,Management Fee,125.00,Commission,N
4102-4116 McKinney St,4110,2020,2,Management Fee,125.00,Commission,N
4102-4116 McKinney St,4114,2020,2,Management Fee,125.00,Commission,N
4102-4116 McKinney St,4116,2020,2,Management Fee,125.00,Commission,N
4102-4116 McKinney St,4112,2020,2,Management Fee,125.00,Commission,N
7303 Breen Dr,,2020,2,Misc,77.82,Camera,N
4102-4116 McKinney St,All,2020,2,Misc,77.82,Camera,
7303 Breen Dr,,2020,2,Power,58.52,,
General,,2020,2,Misc,40.00,Food. No invoice,
7303 Breen Dr,,2020,2,Misc,32.18,Camera. No invoice,
10647 Hazen St,,2020,2,Landscaping,30.00,Landscaping Cut & Trim,
General,,2020,2,Misc,22.84,Camera. No invoice,
7303 Breen Dr,,2020,2,Misc,1.00,Epay Fee ,
7303 Breen Dr,,2020,1,Roof,89160.00,Roof Repair - Deposit Paid,
7303 Breen Dr,D1,2020,1,Repair & Maint.,18000.00,Bathroom Invoice,
7303 Breen Dr,D2,2020,1,Misc,13000.00,Electrical Installation,
7303 Breen Dr,D1 and D2,2020,1,Misc,4256.47,D1 D2 Permit,
6209 Romona Blvd,,2020,1,Misc,1415.80,Romona Property Tax Appeal Invoice,
General,,2020,1,Misc,1400.00,Tax Service Invoice,
7303 Breen Dr,,2020,1,Misc,1300.00,Consent to encroachment,N
7303 Breen Dr,D2,2020,1,Repair & Maint.,1100.00,Wall Labor,
8307 Wahl Manor Ct,,2020,1,Repair & Maint.,750.00,Repair,
7303 Breen Dr,,2020,1,Misc,615.94,No invoice,
General,,2020,1,Misc,479.70,Dropbox,
8523 Causeway Dr,,2020,1,Repair & Maint.,450.00,Repair,
7303 Breen Dr,,2020,1,Water,398.24,,N
7303 Breen Dr,,2020,1,Trash,331.48,,N
10647 Hazen St,,2020,1,Repair & Maint.,324.75,Cleaning,
7303 Breen Dr,D3,2020,1,Landscaping,265.00,Lawn,
4102-4116 McKinney St,4102,2020,1,Repair & Maint.,250.00,Electrical - Breaker too small for heater,
7303 Breen Dr,D2,2020,1,Repair & Maint.,237.28,Wall Material,
7303 Breen Dr,D2,2020,1,Landscaping,200.00,Lawn,
7303 Breen Dr,D2,2020,1,Repair & Maint.,147.71,Wall Labor Repair Material,
4102-4116 McKinney St,4102,2020,1,Management Fee,125.00,Commission,N
4102-4116 McKinney St,4104,2020,1,Management Fee,125.00,Commission,N
4102-4116 McKinney St,4106,2020,1,Management Fee,125.00,Commission,N
4102-4116 McKinney St,4108,2020,1,Management Fee,125.00,Commission,N
4102-4116 McKinney St,4110,2020,1,Management Fee,125.00,Commission,N
4102-4116 McKinney St,4114,2020,1,Management Fee,125.00,Commission,N
4102-4116 McKinney St,4116,2020,1,Management Fee,125.00,Commission,N
4102-4116 McKinney St,4112,2020,1,Management Fee,125.00,Commission,N
10647 Hazen St,,2020,1,Landscaping,120.00,Gutter Clean and Lawn,
4102-4116 McKinney St,,2020,1,Landscaping,110.00,Lawn,
7303 Breen Dr,,2020,1,Misc,76.17,Camera,N
General,,2020,1,Misc,59.00,Assignment of Lease Form,
7303 Breen Dr,,2020,1,Power,55.09,,
7303 Breen Dr,,2020,1,Misc,50.20,No invoice,
10647 Hazen St,,2020,1,Power,47.09,Electricity,
General,,2020,1,Misc,39.38,Business Registration Fee,
7303 Breen Dr,,2020,1,Misc,32.18,Camera. No invoice,
7303 Breen Dr,,2020,1,Misc,6.05,Convenience Fee ,
8523 Causeway Dr,,2020,9,Repair & Maint.,290.00,Multiple properties invoice. Toilet,
10647 Hazen St,,2020,9,Repair & Maint.,240.00,Multiple properties invoice. Ceiling fans,
10647 Hazen St,,2020,9,Repair & Maint.,120.00,Multiple properties invoice. Sink one way valve,
