Address,Suite,Month,Year,Rent,Reimbursement,Notes
10647 Hazen St,,1,2018,0.00,,
10647 Hazen St,,2,2018,0.00,,
10647 Hazen St,,3,2018,0.00,,
10647 Hazen St,,4,2018,0.00,,
10647 Hazen St,,5,2018,0.00,,
10647 Hazen St,,6,2018,0.00,,
10647 Hazen St,,7,2018,1500.00,,
10647 Hazen St,,8,2018,1500.00,,
10647 Hazen St,,9,2018,1500.00,,
10647 Hazen St,,10,2018,1500.00,55.00,
10647 Hazen St,,11,2018,1500.00,,
10647 Hazen St,,12,2018,1500.00,,
10647 Hazen St,,1,2019,1500.00,110.00,
10647 Hazen St,,2,2019,1500.00,35.00,
10647 Hazen St,,3,2019,1500.00,,
10647 Hazen St,,4,2019,1500.00,50.00,
10647 Hazen St,,5,2019,1500.00,,
10647 Hazen St,,6,2019,1500.00,35.00,
10647 Hazen St,,7,2019,1500.00,130.00,
10647 Hazen St,,8,2019,1500.00,40.00,
10647 Hazen St,,9,2019,1500.00,110.00,
10647 Hazen St,,10,2019,0.00,,
10647 Hazen St,,11,2019,1500.00,,
10647 Hazen St,,12,2019,290.00,,
10647 Hazen St,,3,2020,1550.00,,deposit
10647 Hazen St,,3,2020,1550.00,,April rent
10647 Hazen St,,5,2020,1550.00,,
10647 Hazen St,,6,2020,1550.00,,
10647 Hazen St,,7,2020,1550.00,,
10647 Hazen St,,8,2020,1550.00,,
10647 Hazen St,,9,2020,1460.00,,
10647 Hazen St,,10,2020,1460.00,,
10647 Hazen St,,11,2020,1460.00,,
10647 Hazen St,,12,2020,1460.00,,
2607 Kimbleton Ct,,6,2021,2300.00,,Security Deposit
2607 Kimbleton Ct,,7,2021,1380.00,,
2607 Kimbleton Ct,,8,2021,2300.00,,
2607 Kimbleton Ct,,9,2021,2300.00,,
2607 Kimbleton Ct,,10,2021,2300.00,,
2607 Kimbleton Ct,,11,2021,2300.00,,
2607 Kimbleton Ct,,12,2021,2300.00,,
2607 Kimbleton Ct,,1,2022,2300.00,,
2607 Kimbleton Ct,,2,2022,2300.00,,
2607 Kimbleton Ct,,3,2022,2300.00,,
2607 Kimbleton Ct,,4,2022,2300.00,,
10647 Hazen St,,1,2021,1460.00,,
10647 Hazen St,,2,2021,1460.00,,
10647 Hazen St,,3,2021,1460.00,,
10647 Hazen St,,4,2021,1550.00,90.00,Reimbursement for sprinkler line removal
10647 Hazen St,,5,2021,1550.00,90.00,Reimbursement for sprinkler line removal
10647 Hazen St,,6,2021,1550.00,90.00,Reimbursement for sprinkler line removal
10647 Hazen St,,7,2021,1550.00,90.00,Reimbursement for sprinkler line removal
10647 Hazen St,,8,2021,1550.00,90.00,Reimbursement for sprinkler line removal
10647 Hazen St,,9,2021,1550.00,90.00,Reimbursement for sprinkler line removal
10647 Hazen St,,10,2021,1550.00,90.00,Reimbursement for sprinkler line removal
10647 Hazen St,,11,2021,1550.00,,
10647 Hazen St,,12,2021,1550.00,,
10647 Hazen St,,1,2022,1550.00,,
10647 Hazen St,,2,2022,1550.00,,
10647 Hazen St,,3,2022,1050.00,,$500 deduction for water leakage
10647 Hazen St,,4,2022,1550.00,90.00,$389.99 sink repair fee
14258 Valverde Point Ln,,11,2020,1650.00,,
14258 Valverde Point Ln,,12,2020,1950.00,,rent + pet deposit
14258 Valverde Point Ln,,1,2021,1650.00,,
14258 Valverde Point Ln,,2,2021,1650.00,,
14258 Valverde Point Ln,,3,2021,1650.00,,
14258 Valverde Point Ln,,4,2021,1650.00,,
14258 Valverde Point Ln,,5,2021,1650.00,,
14258 Valverde Point Ln,,6,2021,1650.00,,
14258 Valverde Point Ln,,7,2021,1650.00,,
14258 Valverde Point Ln,,8,2021,1650.00,,
14258 Valverde Point Ln,,9,2021,1650.00,,
14258 Valverde Point Ln,,10,2021,1650.00,,
14258 Valverde Point Ln,,11,2021,1650.00,,
14258 Valverde Point Ln,,12,2021,1650.00,,
14258 Valverde Point Ln,,1,2022,1650.00,,
14258 Valverde Point Ln,,3,2022,3400.00,,rent + deposit
14258 Valverde Point Ln,,4,2022,1700.00,,
14939 Bennetts Mill Ln,,12,2021,2800.00,,
14939 Bennetts Mill Ln,,1,2022,2619.35,,
14939 Bennetts Mill Ln,,2,2022,2800.00,,
14939 Bennetts Mill Ln,,3,2022,2800.00,200.00,reimburse half for toilet repair
14939 Bennetts Mill Ln,,4,2022,2800.00,,
4102-4116 McKinney St,4102,1,2019,0.00,,
4102-4116 McKinney St,4102,2,2019,18629.03,,
4102-4116 McKinney St,4102,3,2019,0.00,,
4102-4116 McKinney St,4102,4,2019,0.00,,
4102-4116 McKinney St,4102,4,2020,1500.00,,
4102-4116 McKinney St,4102,5,2019,0.00,,
4102-4116 McKinney St,4102,5,2020,0.00,,
4102-4116 McKinney St,4102,6,2019,0.00,,
4102-4116 McKinney St,4102,6,2020,0.00,,
4102-4116 McKinney St,4102,7,2019,0.00,,
4102-4116 McKinney St,4102,7,2020,1700.00,,
4102-4116 McKinney St,4102,7,2020,100.00,,Tentant Deductible - Handyman changed light blub
4102-4116 McKinney St,4102,8,2019,0.00,,
4102-4116 McKinney St,4102,8,2020,1700.00,,
4102-4116 McKinney St,4102,8,2020,100.00,,Tentant Deductible - Handyman changed light blub
4102-4116 McKinney St,4102,8,2020,28.21,,Tenant Electricity Charge
4102-4116 McKinney St,4102,8,2020,100.00,,Tenant Deductible - Handyman changed garage light bulb
4102-4116 McKinney St,4102,9,2018,1890.00,,
4102-4116 McKinney St,4102,9,2019,0.00,,
4102-4116 McKinney St,4102,9,2020,1700.00,,
4102-4116 McKinney St,4102,9,2020,1500.00,,Security Deposit Transfer
4102-4116 McKinney St,4102,10,2018,1870.00,,
4102-4116 McKinney St,4102,10,2019,0.00,,
4102-4116 McKinney St,4102,10,2020,1700.00,,
4102-4116 McKinney St,4102,11,2018,0.00,,empty
4102-4116 McKinney St,4102,11,2019,0.00,,
4102-4116 McKinney St,4102,12,2018,0.00,,empty
4102-4116 McKinney St,4102,12,2019,0.00,,
4102-4116 McKinney St,4104,1,2019,1650.00,,
4102-4116 McKinney St,4104,1,2020,1650.00,,
4102-4116 McKinney St,4104,2,2019,1650.00,,
4102-4116 McKinney St,4104,2,2020,1650.00,,
4102-4116 McKinney St,4104,3,2019,1650.00,,
4102-4116 McKinney St,4104,3,2020,1650.00,,
4102-4116 McKinney St,4104,4,2019,1650.00,,
4102-4116 McKinney St,4104,4,2020,1650.00,,
4102-4116 McKinney St,4104,5,2019,1650.00,,
4102-4116 McKinney St,4104,5,2020,1650.00,,
4102-4116 McKinney St,4104,6,2019,1650.00,,
4102-4116 McKinney St,4104,6,2020,1650.00,,
4102-4116 McKinney St,4104,7,2019,0.00,,
4102-4116 McKinney St,4104,7,2020,1650.00,,
4102-4116 McKinney St,4104,8,2019,2554.84,,
4102-4116 McKinney St,4104,8,2020,1650.00,,
4102-4116 McKinney St,4104,9,2018,1650.00,,
4102-4116 McKinney St,4104,9,2019,1650.00,,
4102-4116 McKinney St,4104,9,2020,1650.00,,
4102-4116 McKinney St,4104,10,2018,1650.00,,
4102-4116 McKinney St,4104,10,2019,1650.00,,
4102-4116 McKinney St,4104,10,2020,1650.00,,
4102-4116 McKinney St,4104,11,2018,1650.00,,
4102-4116 McKinney St,4104,11,2019,1650.00,,
4102-4116 McKinney St,4104,12,2018,1650.00,,
4102-4116 McKinney St,4104,12,2019,1650.00,,
4102-4116 McKinney St,4106,1,2019,1650.00,,
4102-4116 McKinney St,4106,1,2020,1650.00,,
4102-4116 McKinney St,4106,1,2020,100.00,,Late Fee
4102-4116 McKinney St,4106,1,2020,80.43,,Water Deposit Refund
4102-4116 McKinney St,4106,2,2019,1650.00,,
4102-4116 McKinney St,4106,2,2020,1650.00,,
4102-4116 McKinney St,4106,3,2019,1650.00,,
4102-4116 McKinney St,4106,3,2020,100.00,,Late Fee
4102-4116 McKinney St,4106,3,2020,1650.00,,
4102-4116 McKinney St,4106,4,2019,1650.00,,
4102-4116 McKinney St,4106,4,2020,1650.00,,
4102-4116 McKinney St,4106,5,2019,1650.00,,
4102-4116 McKinney St,4106,5,2020,1650.00,,
4102-4116 McKinney St,4106,6,2019,1650.00,,
4102-4116 McKinney St,4106,6,2020,1650.00,,
4102-4116 McKinney St,4106,7,2019,1650.00,,
4102-4116 McKinney St,4106,7,2020,1650.00,,
4102-4116 McKinney St,4106,8,2019,1650.00,,
4102-4116 McKinney St,4106,8,2020,1650.00,,
4102-4116 McKinney St,4106,9,2018,1650.00,,
4102-4116 McKinney St,4106,9,2019,0.00,,
4102-4116 McKinney St,4106,9,2020,1650.00,,
4102-4116 McKinney St,4106,10,2018,1650.00,,
4102-4116 McKinney St,4106,10,2019,1050.00,,
4102-4116 McKinney St,4106,10,2020,1650.00,,
4102-4116 McKinney St,4106,11,2018,1650.00,,
4102-4116 McKinney St,4106,11,2019,1650.00,,
4102-4116 McKinney St,4106,12,2018,1650.00,,
4102-4116 McKinney St,4106,12,2019,1650.00,,
4102-4116 McKinney St,4108,1,2019,0.00,,
4102-4116 McKinney St,4108,1,2020,1500.00,,
4102-4116 McKinney St,4108,2,2019,0.00,,
4102-4116 McKinney St,4108,2,2020,1500.00,,
4102-4116 McKinney St,4108,3,2019,0.00,,
4102-4116 McKinney St,4108,3,2020,1500.00,,
4102-4116 McKinney St,4108,4,2019,0.00,,
4102-4116 McKinney St,4108,4,2020,1500.00,,
4102-4116 McKinney St,4108,5,2019,1500.00,,
4102-4116 McKinney St,4108,5,2020,1500.00,,
4102-4116 McKinney St,4108,6,2019,1100.00,,
4102-4116 McKinney St,4108,6,2020,1500.00,,
4102-4116 McKinney St,4108,7,2019,1900.00,,
4102-4116 McKinney St,4108,7,2020,0.00,,Moved out
4102-4116 McKinney St,4108,7,2020,2000.00,,Security Deposits Transfer
4102-4116 McKinney St,4108,8,2019,1125.00,,
4102-4116 McKinney St,4108,9,2018,1500.00,,
4102-4116 McKinney St,4108,9,2019,1500.00,,
4102-4116 McKinney St,4108,10,2018,1500.00,,
4102-4116 McKinney St,4108,10,2019,1500.00,,
4102-4116 McKinney St,4108,10,2020,1550.00,,
4102-4116 McKinney St,4108,11,2018,1500.00,,
4102-4116 McKinney St,4108,11,2019,1125.00,,
4102-4116 McKinney St,4108,12,2018,0.00,,empty
4102-4116 McKinney St,4108,12,2019,1500.00,,
4102-4116 McKinney St,4110,1,2019,1401.91,,
4102-4116 McKinney St,4110,1,2020,1650.00,,
4102-4116 McKinney St,4110,2,2019,1700.00,,
4102-4116 McKinney St,4110,2,2020,1650.00,,
4102-4116 McKinney St,4110,3,2019,1700.00,,
4102-4116 McKinney St,4110,3,2020,1650.00,,
4102-4116 McKinney St,4110,4,2019,1700.00,,
4102-4116 McKinney St,4110,4,2020,1650.00,,
4102-4116 McKinney St,4110,5,2019,1700.00,,
4102-4116 McKinney St,4110,5,2020,1650.00,,
4102-4116 McKinney St,4110,6,2019,0.00,,
4102-4116 McKinney St,4110,6,2020,1650.00,,
4102-4116 McKinney St,4110,7,2019,1650.00,,
4102-4116 McKinney St,4110,7,2020,1650.00,,
4102-4116 McKinney St,4110,8,2019,935.00,,
4102-4116 McKinney St,4110,8,2020,1650.00,,
4102-4116 McKinney St,4110,9,2018,1700.00,,
4102-4116 McKinney St,4110,9,2019,1650.00,,
4102-4116 McKinney St,4110,9,2020,1650.00,,
4102-4116 McKinney St,4110,10,2018,1700.00,,
4102-4116 McKinney St,4110,10,2019,1650.00,,
4102-4116 McKinney St,4110,10,2020,1650.00,,
4102-4116 McKinney St,4110,11,2018,1700.00,,
4102-4116 McKinney St,4110,11,2019,1650.00,,
4102-4116 McKinney St,4110,12,2018,1700.00,,
4102-4116 McKinney St,4110,12,2019,1650.00,,
4102-4116 McKinney St,4112,1,2019,0.00,,
4102-4116 McKinney St,4112,1,2020,1650.00,,
4102-4116 McKinney St,4112,2,2019,650.00,,
4102-4116 McKinney St,4112,2,2020,1650.00,,
4102-4116 McKinney St,4112,3,2019,650.00,,
4102-4116 McKinney St,4112,3,2020,1650.00,,
4102-4116 McKinney St,4112,4,2019,689.32,,
4102-4116 McKinney St,4112,4,2020,1650.00,,
4102-4116 McKinney St,4112,5,2019,610.68,,
4102-4116 McKinney St,4112,5,2020,1650.00,,
4102-4116 McKinney St,4112,6,2019,650.00,,
4102-4116 McKinney St,4112,6,2020,1650.00,,
4102-4116 McKinney St,4112,7,2019,1670.97,,
4102-4116 McKinney St,4112,7,2020,1650.00,,
4102-4116 McKinney St,4112,8,2019,1850.48,,
4102-4116 McKinney St,4112,8,2020,3300.00,,Security Deposit Transfer
4102-4116 McKinney St,4112,9,2018,1250.00,,
4102-4116 McKinney St,4112,9,2019,1650.00,,
4102-4116 McKinney St,4112,10,2018,650.00,,
4102-4116 McKinney St,4112,10,2019,1650.00,,
4102-4116 McKinney St,4112,11,2018,1415.00,,
4102-4116 McKinney St,4112,11,2019,1650.00,,
4102-4116 McKinney St,4112,12,2018,1340.10,,
4102-4116 McKinney St,4112,12,2019,1650.00,,
4102-4116 McKinney St,4114,1,2019,1500.00,,
4102-4116 McKinney St,4114,1,2020,1500.00,,
4102-4116 McKinney St,4114,2,2019,1500.00,,
4102-4116 McKinney St,4114,2,2020,1575.00,,
4102-4116 McKinney St,4114,3,2019,1500.00,,
4102-4116 McKinney St,4114,3,2020,1575.00,,
4102-4116 McKinney St,4114,4,2019,794.23,,
4102-4116 McKinney St,4114,4,2020,1575.00,,
4102-4116 McKinney St,4114,5,2019,2205.77,,
4102-4116 McKinney St,4114,5,2020,1575.00,,
4102-4116 McKinney St,4114,6,2019,1500.00,,
4102-4116 McKinney St,4114,6,2020,1575.00,,
4102-4116 McKinney St,4114,7,2019,1000.00,,
4102-4116 McKinney St,4114,7,2020,1575.00,,
4102-4116 McKinney St,4114,7,2020,575.00,,
4102-4116 McKinney St,4114,8,2019,1640.13,,
4102-4116 McKinney St,4114,8,2020,1575.00,,
4102-4116 McKinney St,4114,9,2018,0.00,,empty
4102-4116 McKinney St,4114,9,2019,1859.87,,
4102-4116 McKinney St,4114,9,2020,1675.00,,
6135 Cupertino Trl,,4,2021,3348.33,,deposit+rent
6135 Cupertino Trl,,5,2021,2450.00,,
6135 Cupertino Trl,,6,2021,2450.00,,
6135 Cupertino Trl,,7,2021,2450.00,,
6135 Cupertino Trl,,8,2021,2450.00,,
6135 Cupertino Trl,,9,2021,2450.00,77.00,Front door lock reimbursement
6135 Cupertino Trl,,10,2021,2450.00,,
6135 Cupertino Trl,,11,2021,2450.00,,
6135 Cupertino Trl,,12,2021,2450.00,,
6135 Cupertino Trl,,1,2022,2450.00,,
6135 Cupertino Trl,,2,2022,2450.00,,
6135 Cupertino Trl,,3,2022,2450.00,,
6135 Cupertino Trl,,4,2022,2400.50,,$49.50 missing due to bank error
6209 Romona Blvd,,12,2017,13125.00,,
6209 Romona Blvd,,1,2018,13125.00,,
6209 Romona Blvd,,2,2018,13125.00,,
6209 Romona Blvd,,3,2018,13125.00,,
6209 Romona Blvd,,4,2018,13125.00,,
6209 Romona Blvd,,5,2018,13125.00,,
6209 Romona Blvd,,6,2018,13125.00,48449.28,
6209 Romona Blvd,,7,2018,13125.00,,
6209 Romona Blvd,,8,2018,13125.00,,
6209 Romona Blvd,,9,2018,13125.00,,
6209 Romona Blvd,,10,2018,13125.00,2332.06,
6209 Romona Blvd,,11,2018,13125.00,2332.06,
6209 Romona Blvd,,12,2018,13125.00,2332.06,
6209 Romona Blvd,,1,2019,13125.00,,
6209 Romona Blvd,,2,2019,13125.00,,
6209 Romona Blvd,,3,2019,13125.00,,
6209 Romona Blvd,,4,2019,13125.00,,
6209 Romona Blvd,,5,2019,13125.00,,
6209 Romona Blvd,,6,2019,13125.00,,
6209 Romona Blvd,,7,2019,13125.00,,
6209 Romona Blvd,,8,2019,13125.00,,
6209 Romona Blvd,,9,2019,13125.00,,
6209 Romona Blvd,,10,2019,13125.00,,
6209 Romona Blvd,,11,2019,13125.00,,
6209 Romona Blvd,,12,2019,13125.00,,
6209 Romona Blvd,,1,2020,13125.00,4111.39,
6209 Romona Blvd,,2,2020,13125.00,2542.12,
6209 Romona Blvd,,3,2020,13125.00,2542.12,
6209 Romona Blvd,,4,2020,13125.00,3442.12,Septic Contract + rent
6209 Romona Blvd,,5,2020,13125.00,2542.12,
6209 Romona Blvd,,6,2020,13125.00,2542.12,
6209 Romona Blvd,,7,2020,13125.00,2542.12,
6209 Romona Blvd,,8,2020,13125.00,2542.12,
6209 Romona Blvd,,9,2020,13125.00,2542.12,
6209 Romona Blvd,,10,2020,13125.00,2542.12,
6209 Romona Blvd,,11,2020,13125.00,2542.12,
6209 Romona Blvd,,12,2020,13125.00,2542.12,
6209 Romona Blvd,,1,2021,13125.00,2542.12,
6209 Romona Blvd,,2,2021,13125.00,2661.45,
6209 Romona Blvd,,3,2021,13125.00,2661.45,
6209 Romona Blvd,,4,2021,13125.00,2661.45,
6209 Romona Blvd,,5,2021,13125.00,2661.45,
6209 Romona Blvd,,6,2021,13125.00,2661.45,
6209 Romona Blvd,,7,2021,13125.00,2661.45,
6209 Romona Blvd,,8,2021,13125.00,2661.45,
6209 Romona Blvd,,9,2021,13125.00,2661.45,
6209 Romona Blvd,,10,2021,13125.00,2661.45,
6209 Romona Blvd,,11,2021,13125.00,2661.45,
6209 Romona Blvd,,12,2021,13125.00,2661.45,
6209 Romona Blvd,,1,2022,13125.00,2661.45,
6209 Romona Blvd,,2,2022,13125.00,2661.45,
6209 Romona Blvd,,3,2022,13125.00,2661.45,
6209 Romona Blvd,,4,2022,13125.00,2661.45,
7103 Pavilion Dr,,1,2019,1750.00,,
7103 Pavilion Dr,,1,2019,3500.00,,
7103 Pavilion Dr,,2,2019,733.87,,
7103 Pavilion Dr,,3,2019,1750.00,,
7103 Pavilion Dr,,4,2019,1750.00,,
7103 Pavilion Dr,,5,2019,1750.00,,
7103 Pavilion Dr,,6,2019,1750.00,,
7103 Pavilion Dr,,7,2019,1750.00,,
7103 Pavilion Dr,,8,2019,1545.00,,
7103 Pavilion Dr,,9,2019,1750.00,,
7103 Pavilion Dr,,10,2019,1750.00,,
7103 Pavilion Dr,,12,2019,1750.00,,
7103 Pavilion Dr,,1,2020,1750.00,,
7103 Pavilion Dr,,2,2020,1750.00,,
7103 Pavilion Dr,,3,2020,1775.00,,
7103 Pavilion Dr,,4,2020,887.50,,half rent
7103 Pavilion Dr,,5,2020,887.50,,half rent
7103 Pavilion Dr,,6,2020,1775.00,,
7103 Pavilion Dr,,7,2020,1775.00,,
7103 Pavilion Dr,,8,2020,1775.00,, 
7103 Pavilion Dr,,9,2020,1775.00,,
7103 Pavilion Dr,,10,2020,1775.00,,
7103 Pavilion Dr,,11,2020,1775.00,,
7103 Pavilion Dr,,12,2020,687.10,,
7103 Pavilion Dr,,1,2021,3600.00,,rent + deposit
7103 Pavilion Dr,,2,2021,987.00,,prorated rent
7103 Pavilion Dr,,3,2021,1800.00,,
7103 Pavilion Dr,,4,2021,1800.00,,
7103 Pavilion Dr,,5,2021,1800.00,,
7103 Pavilion Dr,,6,2021,1800.00,,
7103 Pavilion Dr,,7,2021,1800.00,,
7103 Pavilion Dr,,8,2021,1800.00,,
7103 Pavilion Dr,,9,2021,1800.00,50.00,Toilet repair $385
7103 Pavilion Dr,,10,2021,1800.00,50.00,
7103 Pavilion Dr,,11,2021,1800.00,,
7103 Pavilion Dr,,12,2021,1800.00,,
7103 Pavilion Dr,,1,2022,1800.00,50.00,
7103 Pavilion Dr,,2,2022,1800.00,50.00,
7103 Pavilion Dr,,3,2022,1800.00,50.00,
7103 Pavilion Dr,,4,2022,1800.00,50.00,
7303 Breen Dr,A,10,2017,2000.00,,
7303 Breen Dr,A,11,2017,2000.00,,
7303 Breen Dr,A,12,2017,2000.00,,
7303 Breen Dr,A,1,2018,2000.00,,
7303 Breen Dr,A,2,2018,2000.00,,
7303 Breen Dr,A,3,2018,2000.00,,
7303 Breen Dr,A,4,2018,2000.00,,
7303 Breen Dr,A,5,2018,2000.00,,
7303 Breen Dr,A,6,2018,2000.00,,
7303 Breen Dr,A,7,2018,2000.00,,
7303 Breen Dr,A,8,2018,2000.00,,
7303 Breen Dr,A,9,2018,2000.00,,
7303 Breen Dr,A,10,2018,2000.00,,
7303 Breen Dr,A,11,2018,2000.00,,
7303 Breen Dr,A,12,2018,2000.00,,
7303 Breen Dr,A,1,2019,2000.00,,
7303 Breen Dr,A,2,2019,2000.00,,
7303 Breen Dr,A,3,2019,2000.00,,
7303 Breen Dr,A,4,2019,2000.00,,
7303 Breen Dr,A,5,2019,2000.00,,
7303 Breen Dr,A,6,2019,2000.00,,
7303 Breen Dr,A,7,2019,2000.00,,
7303 Breen Dr,A,8,2019,2000.00,,
7303 Breen Dr,A,9,2019,2000.00,,
7303 Breen Dr,A,10,2019,2000.00,,
7303 Breen Dr,A,11,2019,2000.00,,
7303 Breen Dr,A,12,2019,2000.00,,
7303 Breen Dr,A,3,2020,4000.00,,Jan+Feb rent
7303 Breen Dr,A,10,2020,1000.00,,
7303 Breen Dr,A,11,2020,1000.00,,
7303 Breen Dr,A,12,2020,0.00,,
7303 Breen Dr,A,1,2021,400.00,,
7303 Breen Dr,A,2,2021,0.00,,
7303 Breen Dr,A,3,2021,600.00,,
7303 Breen Dr,A,4,2021,5000.00,,
7303 Breen Dr,A,7,2021,2000.00,,
7303 Breen Dr,A,8,2021,2000.00,,
7303 Breen Dr,A,10,2021,2000.00,,
7303 Breen Dr,A,12,2021,2000.00,,
7303 Breen Dr,A,1,2022,2000.00,,
7303 Breen Dr,A,2,2022,9000.00,,
7303 Breen Dr,A,3,2022,2000.00,,
7303 Breen Dr,A,4,2022,2000.00,,
7303 Breen Dr,B,10,2017,1300.00,,
7303 Breen Dr,B,11,2017,1300.00,,
7303 Breen Dr,B,12,2017,1300.00,,
7303 Breen Dr,B,1,2018,1300.00,,
7303 Breen Dr,B,2,2018,1300.00,,
7303 Breen Dr,B,3,2018,1300.00,,
7303 Breen Dr,B,4,2018,1300.00,,
7303 Breen Dr,B,5,2018,1300.00,,
7303 Breen Dr,B,6,2018,1300.00,,
7303 Breen Dr,B,7,2018,1300.00,,
7303 Breen Dr,B,8,2018,1300.00,,
7303 Breen Dr,B,9,2018,1300.00,,
7303 Breen Dr,B,10,2018,1300.00,,
7303 Breen Dr,B,11,2018,1300.00,,
7303 Breen Dr,B,12,2018,1300.00,,
7303 Breen Dr,B,1,2019,1300.00,,
7303 Breen Dr,B,2,2019,1300.00,,
7303 Breen Dr,B,3,2019,1300.00,,
7303 Breen Dr,B,4,2019,1300.00,,
7303 Breen Dr,B,5,2019,1300.00,,
7303 Breen Dr,B,6,2019,1300.00,,
7303 Breen Dr,B,7,2019,1300.00,,
7303 Breen Dr,B,8,2019,1300.00,,
7303 Breen Dr,B,9,2019,1300.00,,
7303 Breen Dr,B,10,2019,1300.00,,
7303 Breen Dr,B,11,2019,1300.00,,
7303 Breen Dr,B,12,2019,1300.00,,
7303 Breen Dr,B,1,2020,1300.00,,
7303 Breen Dr,B,2,2020,1300.00,,
7303 Breen Dr,B,3,2020,1300.00,,
7303 Breen Dr,B,4,2020,1300.00,,
7303 Breen Dr,B,7,2020,1300.00,,
7303 Breen Dr,B,8,2020,900.00,,
7303 Breen Dr,B,9,2020,900.00,,
7303 Breen Dr,B,10,2020,900.00,,
7303 Breen Dr,B,11,2020,900.00,,
7303 Breen Dr,B,12,2020,900.00,,
7303 Breen Dr,B,1,2021,900.00,,
7303 Breen Dr,B,2,2021,1300.00,,
7303 Breen Dr,B,3,2021,1300.00,,
7303 Breen Dr,B,4,2021,1300.00,,
7303 Breen Dr,B,5,2021,1300.00,,
7303 Breen Dr,B,6,2021,1300.00,,
7303 Breen Dr,B,7,2021,1300.00,,
7303 Breen Dr,B,8,2021,1300.00,,
7303 Breen Dr,B,9,2021,1300.00,,
7303 Breen Dr,B,10,2021,1300.00,,
7303 Breen Dr,B,11,2021,1300.00,,
7303 Breen Dr,B,12,2021,1300.00,,
7303 Breen Dr,B,1,2022,1300.00,,
7303 Breen Dr,B,2,2022,1400.00,,
7303 Breen Dr,B,3,2022,1400.00,,
7303 Breen Dr,B,4,2022,1400.00,,
7303 Breen Dr,C,10,2017,1800.00,,
7303 Breen Dr,C,11,2017,1800.00,,
7303 Breen Dr,C,12,2017,1800.00,,
7303 Breen Dr,C,1,2018,1800.00,,
7303 Breen Dr,C,2,2018,1800.00,,
7303 Breen Dr,C,3,2018,1800.00,,
7303 Breen Dr,C,4,2018,1800.00,,
7303 Breen Dr,C,5,2018,1800.00,,
7303 Breen Dr,C,6,2018,1800.00,,
7303 Breen Dr,C,7,2018,1800.00,,
7303 Breen Dr,C,8,2018,1800.00,,
7303 Breen Dr,C,9,2018,1800.00,,
7303 Breen Dr,C,10,2018,1800.00,,
7303 Breen Dr,C,11,2018,1800.00,,
7303 Breen Dr,C,12,2018,1800.00,,
7303 Breen Dr,C,1,2019,1800.00,,
7303 Breen Dr,C,2,2019,1800.00,,
7303 Breen Dr,C,3,2019,1800.00,,
7303 Breen Dr,C,4,2019,1800.00,,
7303 Breen Dr,C,5,2019,1800.00,,
7303 Breen Dr,C,6,2019,1800.00,,
7303 Breen Dr,C,7,2019,1800.00,,
7303 Breen Dr,C,8,2019,1800.00,,
7303 Breen Dr,C,9,2019,1800.00,,
7303 Breen Dr,C,10,2019,1800.00,,
7303 Breen Dr,C,11,2019,1800.00,,
7303 Breen Dr,C,12,2019,1800.00,,
7303 Breen Dr,C,1,2020,1800.00,,
7303 Breen Dr,C,2,2020,1800.00,,
7303 Breen Dr,C,3,2020,1800.00,,
7303 Breen Dr,C,4,2020,1800.00,,
7303 Breen Dr,C,6,2020,1800.00,,
7303 Breen Dr,C,7,2020,1800.00,,
7303 Breen Dr,C,8,2020,1800.00,,
7303 Breen Dr,C,9,2020,1800.00,,
7303 Breen Dr,C,10,2020,1800.00,,
7303 Breen Dr,C,11,2020,1800.00,,
7303 Breen Dr,C,12,2020,1800.00,,
7303 Breen Dr,C,1,2021,1800.00,,
7303 Breen Dr,C,2,2021,1800.00,,
7303 Breen Dr,C,3,2021,1800.00,,
7303 Breen Dr,C,4,2021,1800.00,,
7303 Breen Dr,C,5,2021,1800.00,,
7303 Breen Dr,C,6,2021,1800.00,,
7303 Breen Dr,C,7,2021,1800.00,,
7303 Breen Dr,C,8,2021,1800.00,,
7303 Breen Dr,C,9,2021,1800.00,,
7303 Breen Dr,C,10,2021,1800.00,,
7303 Breen Dr,C,11,2021,1800.00,,
7303 Breen Dr,C,12,2021,1800.00,,
7303 Breen Dr,C,1,2022,1800.00,,
7303 Breen Dr,C,2,2022,1800.00,,
7303 Breen Dr,C,3,2022,1800.00,,
7303 Breen Dr,C,4,2022,1800.00,,
7303 Breen Dr,D,10,2017,5000.00,,
7303 Breen Dr,D,11,2017,5000.00,,
7303 Breen Dr,D,12,2017,5000.00,,
7303 Breen Dr,D1,1,2019,0.00,,
7303 Breen Dr,D1,7,2020,750.00,,Holding Deposit
7303 Breen Dr,D1,3,2021,1500.00,,Deposit
7303 Breen Dr,D1,4,2021,1510.00,,
7303 Breen Dr,D2,11,2019,3000.00,,
7303 Breen Dr,D2,6,2020,1500.00,,3 payments of $500
7303 Breen Dr,D2,7,2020,1500.00,,
7303 Breen Dr,D2,8,2020,1500.00,,
7303 Breen Dr,D2,9,2020,1500.00,,
7303 Breen Dr,D2,10,2020,1500.00,,
7303 Breen Dr,D2,11,2020,1500.00,,
7303 Breen Dr,D2,12,2020,1500.00,,
7303 Breen Dr,D2,1,2021,1500.00,,
7303 Breen Dr,D2,2,2021,1500.00,,
7303 Breen Dr,D2,3,2021,1500.00,,
7303 Breen Dr,D2,4,2021,1500.00,,
7303 Breen Dr,D2,5,2021,1500.00,,
7303 Breen Dr,D2,6,2021,1500.00,,
7303 Breen Dr,D2,7,2021,1500.00,,
7303 Breen Dr,D2,8,2021,1500.00,,
7303 Breen Dr,D2,9,2021,1500.00,,
7303 Breen Dr,D2,10,2021,1500.00,,
7303 Breen Dr,D2,11,2021,1500.00,,
7303 Breen Dr,D2,12,2021,1500.00,,
7303 Breen Dr,D2,1,2022,1500.00,,
7303 Breen Dr,D2,2,2022,1500.00,,
7303 Breen Dr,D2,3,2022,1500.00,,
7303 Breen Dr,D2,4,2022,1500.00,,
7303 Breen Dr,Donation Box,1,2018,0.00,,
7303 Breen Dr,Donation Box,2,2018,0.00,,
7303 Breen Dr,Donation Box,3,2018,0.00,,
7303 Breen Dr,Donation Box,4,2018,50.00,,
7303 Breen Dr,Donation Box,5,2018,50.00,,
7303 Breen Dr,Donation Box,6,2018,50.00,,
7303 Breen Dr,Donation Box,7,2018,75.00,,
7303 Breen Dr,Donation Box,8,2018,75.00,,
7303 Breen Dr,Donation Box,9,2018,75.00,,
7303 Breen Dr,Donation Box,10,2018,75.00,,
7303 Breen Dr,Donation Box,11,2018,75.00,,
7303 Breen Dr,Donation Box,12,2018,75.00,,
7303 Breen Dr,Donation Box,1,2019,75.00,,
7303 Breen Dr,Donation Box,2,2019,75.00,,
7303 Breen Dr,Donation Box,3,2019,75.00,,
7303 Breen Dr,Donation Box,4,2019,75.00,,
7303 Breen Dr,Donation Box,5,2019,75.00,,
7303 Breen Dr,Donation Box,6,2019,75.00,,
7303 Breen Dr,Donation Box,7,2019,75.00,,
7303 Breen Dr,Donation Box,8,2019,75.00,,
7303 Breen Dr,Donation Box,9,2019,75.00,,
7303 Breen Dr,Donation Box,10,2019,75.00,,
7303 Breen Dr,Donation Box,11,2019,75.00,,
7303 Breen Dr,Donation Box,12,2019,75.00,,
7303 Breen Dr,Donation Box,1,2020,75.00,,
7303 Breen Dr,Donation Box,2,2020,75.00,,
7303 Breen Dr,Donation Box,3,2020,75.00,,
7303 Breen Dr,Donation Box,5,2020,225.00,,
7303 Breen Dr,Donation Box,7,2020,75.00,,
7303 Breen Dr,Donation Box,8,2020,75.00,,
7303 Breen Dr,Donation Box,9,2020,75.00,,
7303 Breen Dr,Donation Box,10,2020,75.00,,
7303 Breen Dr,Donation Box,11,2020,75.00,,
7303 Breen Dr,Donation Box,12,2020,75.00,,
7303 Breen Dr,Donation Box,1,2021,75.00,,
7303 Breen Dr,Donation Box,2,2021,75.00,,
7303 Breen Dr,Donation Box,3,2021,75.00,,
7303 Breen Dr,Donation Box,4,2021,100.00,,
7303 Breen Dr,Donation Box,5,2021,100.00,,
7303 Breen Dr,Donation Box,6,2021,100.00,,
7303 Breen Dr,Donation Box,7,2021,100.00,,
7303 Breen Dr,Donation Box,8,2021,100.00,,
7303 Breen Dr,Donation Box,9,2021,100.00,,
7303 Breen Dr,Donation Box,10,2021,100.00,,
7303 Breen Dr,Donation Box,11,2021,100.00,,
7303 Breen Dr,Donation Box,12,2021,100.00,,
7303 Breen Dr,Donation Box,1,2022,100.00,,
7303 Breen Dr,Donation Box,2,2022,100.00,,
7303 Breen Dr,Donation Box,3,2022,100.00,,
7303 Breen Dr,Donation Box,4,2022,100.00,,
7303 Breen Dr,E,10,2017,1250.00,,
7303 Breen Dr,E,11,2017,1250.00,,
7303 Breen Dr,E,12,2017,1250.00,,
7303 Breen Dr,E,1,2018,1250.00,,
7303 Breen Dr,E,2,2018,0.00,,
7303 Breen Dr,E,3,2018,2500.00,,
7303 Breen Dr,E,4,2018,1400.00,,
7303 Breen Dr,E,5,2018,1400.00,,
7303 Breen Dr,E,6,2018,1400.00,,
7303 Breen Dr,E,7,2018,1400.00,,
7303 Breen Dr,E,8,2018,1400.00,,
7303 Breen Dr,E,9,2018,1400.00,,
7303 Breen Dr,E,10,2018,1400.00,,
7303 Breen Dr,E,11,2018,1400.00,,
7303 Breen Dr,E,12,2018,1400.00,,
7303 Breen Dr,E,1,2019,1400.00,,
7303 Breen Dr,E,2,2019,1400.00,,
7303 Breen Dr,E,3,2019,1400.00,,
7303 Breen Dr,E,4,2019,1400.00,,
7303 Breen Dr,E,5,2019,1400.00,,
7303 Breen Dr,E,6,2019,1400.00,,
7303 Breen Dr,E,7,2019,1400.00,,
7303 Breen Dr,E,8,2019,1400.00,,
7303 Breen Dr,E,9,2019,1400.00,,
7303 Breen Dr,E,10,2019,1400.00,,
7303 Breen Dr,E,11,2019,1400.00,,
7303 Breen Dr,E,12,2019,1400.00,,
7303 Breen Dr,E,1,2020,1400.00,,
7303 Breen Dr,E,2,2020,1400.00,,
7303 Breen Dr,E,3,2020,1400.00,,
7303 Breen Dr,E,6,2020,1400.00,,
7303 Breen Dr,E,7,2020,1400.00,,
7303 Breen Dr,E,8,2020,900.00,,
7303 Breen Dr,E,9,2020,900.00,,
7303 Breen Dr,E,10,2020,900.00,,
7303 Breen Dr,E,11,2020,900.00,,
7303 Breen Dr,E,12,2020,900.00,,
7303 Breen Dr,E,1,2021,900.00,,
7303 Breen Dr,E,2,2021,1400.00,,
7303 Breen Dr,E,3,2021,1400.00,,
7303 Breen Dr,E,4,2021,1400.00,,
7303 Breen Dr,E,5,2021,1100.00,,
7303 Breen Dr,E,6,2021,1500.00,,
7303 Breen Dr,E,7,2021,1500.00,,
7303 Breen Dr,E,8,2021,1500.00,,
7303 Breen Dr,E,9,2021,1500.00,,
7303 Breen Dr,E,10,2021,1500.00,,
7303 Breen Dr,E,11,2021,1500.00,,
7303 Breen Dr,E,12,2021,1500.00,,
7303 Breen Dr,E,1,2022,1500.00,,
7303 Breen Dr,E,2,2022,1500.00,,
7303 Breen Dr,E,3,2022,1500.00,,
7303 Breen Dr,E,4,2022,1500.00,,
7303 Breen Dr,F,10,2017,1250.00,,
7303 Breen Dr,F,11,2017,1250.00,,
7303 Breen Dr,F,12,2017,1250.00,,
7303 Breen Dr,F,1,2018,1250.00,,
7303 Breen Dr,F,2,2018,1250.00,,
7303 Breen Dr,F,3,2018,1250.00,,
7303 Breen Dr,F,4,2018,,,
7303 Breen Dr,F,5,2018,,,
7303 Breen Dr,F,6,2018,,,
7303 Breen Dr,F,7,2018,,,
7303 Breen Dr,F,8,2018,1500.00,,
7303 Breen Dr,F,9,2018,1500.00,,
7303 Breen Dr,F,10,2018,1500.00,,
7303 Breen Dr,F,11,2018,1500.00,,
7303 Breen Dr,F,12,2018,1500.00,,
7303 Breen Dr,F,1,2019,1500.00,,
7303 Breen Dr,F,2,2019,1500.00,,
7303 Breen Dr,F,3,2019,0.00,,
7303 Breen Dr,F,4,2019,1500.00,,
7303 Breen Dr,F,5,2019,1150.00,,
7303 Breen Dr,F,6,2019,1500.00,,
7303 Breen Dr,F,7,2019,1500.00,,
7303 Breen Dr,F,8,2019,1500.00,,
7303 Breen Dr,F,9,2019,1500.00,,
7303 Breen Dr,F,10,2019,1500.00,,
7303 Breen Dr,F,11,2019,0.00,,
7303 Breen Dr,F,12,2019,0.00,,
7303 Breen Dr,F,3,2020,2806.45,,rent + deposit
7303 Breen Dr,F,7,2020,1500.00,,
7303 Breen Dr,F,11,2020,1000.00,,October rent
7303 Breen Dr,F,1,2021,1000.00,,
7303 Breen Dr,F,2,2021,3500.00,,
7303 Breen Dr,F,3,2021,2000.00,,
7303 Breen Dr,F,5,2021,3000.00,,
7303 Breen Dr,F,6,2021,2500.00,,
7303 Breen Dr,F,7,2021,1000.00,,
7303 Breen Dr,F,8,2021,1500.00,,
7303 Breen Dr,F,9,2021,1500.00,,
7303 Breen Dr,F,10,2021,1500.00,,
7303 Breen Dr,F,11,2021,1500.00,,
7303 Breen Dr,F,12,2021,1500.00,,
7303 Breen Dr,F,1,2022,1500.00,,
7303 Breen Dr,F,2,2022,1500.00,,
7303 Breen Dr,F,3,2022,1500.00,,
7303 Breen Dr,F,4,2022,1500.00,,
7303 Breen Dr,G,10,2017,1500.00,,
7303 Breen Dr,G,11,2017,1500.00,,
7303 Breen Dr,G,12,2017,1500.00,,
7303 Breen Dr,G,1,2018,1500.00,,
7303 Breen Dr,G,2,2018,1500.00,,
7303 Breen Dr,G,3,2018,1500.00,,
7303 Breen Dr,G,4,2018,1500.00,,
7303 Breen Dr,G,5,2018,1500.00,,
7303 Breen Dr,G,6,2018,1500.00,,
7303 Breen Dr,G,7,2018,1500.00,,
7303 Breen Dr,G,8,2018,1600.00,,
7303 Breen Dr,G,9,2018,1500.00,,
7303 Breen Dr,G,10,2018,1600.00,,
7303 Breen Dr,G,11,2018,1550.00,,
7303 Breen Dr,G,12,2018,1550.00,,
7303 Breen Dr,G,1,2019,1550.00,,
7303 Breen Dr,G,2,2019,1550.00,,
7303 Breen Dr,G,3,2019,1500.00,,
7303 Breen Dr,G,4,2019,1550.00,,
7303 Breen Dr,G,5,2019,1600.00,,
7303 Breen Dr,G,6,2019,1550.00,,
7303 Breen Dr,G,7,2019,1550.00,,
7303 Breen Dr,G,8,2019,1550.00,,
7303 Breen Dr,G,9,2019,1550.00,,
7303 Breen Dr,G,10,2019,1550.00,,
7303 Breen Dr,G,11,2019,1550.00,,
7303 Breen Dr,G,12,2019,1550.00,,
7303 Breen Dr,G,1,2020,1550.00,,
7303 Breen Dr,G,2,2020,1550.00,,
7303 Breen Dr,G,3,2020,1550.00,,
7303 Breen Dr,G,5,2020,775.00,,half rent
7303 Breen Dr,G,6,2020,1500.00,,
7303 Breen Dr,G,7,2020,1600.00,,
7303 Breen Dr,G,8,2020,1550.00,,
7303 Breen Dr,G,9,2020,1550.00,,
7303 Breen Dr,G,10,2020,1550.00,,
7303 Breen Dr,G,11,2020,1550.00,,
7303 Breen Dr,G,12,2020,1550.00,,
7303 Breen Dr,G,1,2021,1550.00,,
7303 Breen Dr,G,2,2021,1550.00,,
7303 Breen Dr,G,3,2021,1550.00,,
7303 Breen Dr,G,4,2021,1550.00,,
7303 Breen Dr,G,5,2021,1550.00,,
7303 Breen Dr,G,6,2021,550.00,,Temp rent reduction
7303 Breen Dr,G,7,2021,775.00,,Temp rent reduction
7303 Breen Dr,G,8,2021,775.00,,Temp rent reduction
7303 Breen Dr,G,9,2021,1350.00,,$200 rent reduction for 1 year
7303 Breen Dr,G,10,2021,1324.25,,Venmo charged $25.75 fee
7303 Breen Dr,G,11,2021,0.00,,Missing Nov rent
7303 Breen Dr,G,12,2021,1350.00,,
7303 Breen Dr,G,1,2022,1350.00,,
7303 Breen Dr,G,2,2022,1350.00,,
7303 Breen Dr,G,3,2022,1350.00,,
7303 Breen Dr,G,4,2022,1350.00,,
7303 Breen Dr,H,10,2017,1500.00,,
7303 Breen Dr,H,11,2017,1500.00,,
7303 Breen Dr,H,12,2017,1500.00,,
7303 Breen Dr,H,1,2018,,,
7303 Breen Dr,H,2,2018,,,
7303 Breen Dr,H,3,2018,,,
7303 Breen Dr,H,4,2018,,,
7303 Breen Dr,H,5,2018,,,
7303 Breen Dr,H,6,2018,0.00,,
7303 Breen Dr,H,7,2018,0.00,,
7303 Breen Dr,H,8,2018,0.00,,
7303 Breen Dr,H,9,2018,1260.00,,
7303 Breen Dr,H,10,2018,0.00,,
7303 Breen Dr,H,11,2018,0.00,,
7303 Breen Dr,H,12,2018,1400.00,,
7303 Breen Dr,H,1,2019,1400.00,,
7303 Breen Dr,H,2,2019,1400.00,,
7303 Breen Dr,H,3,2019,1400.00,,
7303 Breen Dr,H,4,2019,1400.00,,
7303 Breen Dr,H,5,2019,0.00,,
7303 Breen Dr,H,6,2019,0.00,,
7303 Breen Dr,H,7,2019,0.00,,
7303 Breen Dr,H,8,2019,2800.00,,
7303 Breen Dr,H,9,2019,0.00,,
7303 Breen Dr,H,10,2019,0.00,,
7303 Breen Dr,H,11,2019,0.00,,
7303 Breen Dr,H,12,2019,0.00,,free
7303 Breen Dr,H,2,2020,1400.00,,
7303 Breen Dr,H,3,2020,1400.00,,
7303 Breen Dr,H,4,2020,1400.00,,April + May rent
7303 Breen Dr,H,6,2020,700.00,,half rent
7303 Breen Dr,H,7,2020,1400.00,,
7303 Breen Dr,H,8,2020,1400.00,,
7303 Breen Dr,H,9,2020,1400.00,,
7303 Breen Dr,H,10,2020,420.03,,prorated rent
7303 Breen Dr,H,11,2020,4500.00,,rent + 2 months deposit
7303 Breen Dr,H,12,2020,0.00,,free month
7303 Breen Dr,H,1,2021,950.00,,prorated rent
7303 Breen Dr,H,2,2021,1500.00,,
7303 Breen Dr,H,3,2021,1500.00,,
7303 Breen Dr,H,4,2021,1500.00,,
7303 Breen Dr,H,5,2021,1500.00,,
7303 Breen Dr,H,6,2021,1500.00,,
7303 Breen Dr,H,7,2021,1500.00,,
7303 Breen Dr,H,8,2021,1500.00,,
7303 Breen Dr,H,9,2021,400.00,,"$1,100 off for roof repair"
7303 Breen Dr,H,10,2021,1500.00,,
7303 Breen Dr,H,11,2021,1500.00,,
7303 Breen Dr,H,12,2021,1500.00,,
7303 Breen Dr,H,1,2022,1500.00,,
7303 Breen Dr,H,2,2022,1500.00,,
7303 Breen Dr,H,3,2022,1500.00,,
7303 Breen Dr,H,4,2022,1500.00,,
7303 Breen Dr,I,1,2018,,,
7303 Breen Dr,I,2,2018,,,
7303 Breen Dr,I,3,2018,,,
7303 Breen Dr,I,4,2018,,,
7303 Breen Dr,I,5,2018,,,
7303 Breen Dr,I,6,2018,975.00,,
7303 Breen Dr,I,7,2018,975.00,,
7303 Breen Dr,I,8,2018,0.00,,
7303 Breen Dr,I,9,2018,0.00,,
7303 Breen Dr,I,10,2018,975.00,,
7303 Breen Dr,I,11,2018,0.00,,
7303 Breen Dr,I,12,2018,0.00,,
7303 Breen Dr,I,1,2019,0.00,,
7303 Breen Dr,I,2,2019,0.00,,
7303 Breen Dr,I,3,2019,0.00,,
7303 Breen Dr,I,4,2019,975.00,,
7303 Breen Dr,I,5,2019,975.00,,
7303 Breen Dr,I,6,2019,1300.00,,
7303 Breen Dr,I,7,2019,0.00,,
7303 Breen Dr,I,8,2019,0.00,,
7303 Breen Dr,I,9,2019,1300.00,,
7303 Breen Dr,I,10,2019,1300.00,,
7303 Breen Dr,I,11,2019,1300.00,,
7303 Breen Dr,I,12,2019,1300.00,,
7303 Breen Dr,I,1,2020,1300.00,,
7303 Breen Dr,I,2,2020,1300.00,,
7303 Breen Dr,I,3,2020,1300.00,,
7303 Breen Dr,I,4,2020,1300.00,,
7303 Breen Dr,I,5,2020,1300.00,,
7303 Breen Dr,I,6,2020,1300.00,,
7303 Breen Dr,I,7,2020,1300.00,,
7303 Breen Dr,I,8,2020,1500.00,,
7303 Breen Dr,I,9,2020,1500.00,,
7303 Breen Dr,I,10,2020,1500.00,,
7303 Breen Dr,I,11,2020,1500.00,,
7303 Breen Dr,I,12,2020,1500.00,,
7303 Breen Dr,I,1,2021,1500.00,,
7303 Breen Dr,I,2,2021,1500.00,,
7303 Breen Dr,I,3,2021,0.00,,Free month
7303 Breen Dr,I,4,2021,1500.00,,
7303 Breen Dr,I,5,2021,1500.00,,
7303 Breen Dr,I,6,2021,1400.00,,$100 rent reduction going forward
7303 Breen Dr,I,7,2021,1400.00,,
7303 Breen Dr,I,8,2021,1400.00,,
7303 Breen Dr,I,9,2021,1400.00,,
7303 Breen Dr,I,10,2021,1400.00,,
7303 Breen Dr,I,11,2021,1400.00,,
7303 Breen Dr,I,12,2021,1400.00,,
7303 Breen Dr,I,1,2022,1400.00,,
7303 Breen Dr,I,2,2022,1400.00,,
7303 Breen Dr,I,3,2022,1400.00,,
7303 Breen Dr,I,4,2022,1400.00,,
7303 Breen Dr,J,1,2018,0.00,,
7303 Breen Dr,J,2,2018,0.00,,
7303 Breen Dr,J,3,2018,1900.00,,
7303 Breen Dr,J,4,2018,1900.00,,
7303 Breen Dr,J,5,2018,3800.00,,
7303 Breen Dr,J,6,2018,1900.00,,
7303 Breen Dr,J,7,2018,1900.00,,
7303 Breen Dr,J,8,2018,1900.00,,
7303 Breen Dr,J,9,2018,1800.00,,
7303 Breen Dr,J,10,2018,4000.00,,
7303 Breen Dr,J,11,2018,1900.00,,
7303 Breen Dr,J,12,2018,1000.00,,
7303 Breen Dr,J,1,2019,3800.00,,
7303 Breen Dr,J,2,2019,1900.00,,
7303 Breen Dr,J,3,2019,1900.00,,
7303 Breen Dr,J,4,2019,1900.00,,
7303 Breen Dr,J,5,2019,0.00,,
7303 Breen Dr,J,6,2019,1900.00,,
7303 Breen Dr,J,7,2019,0.00,,
7303 Breen Dr,J,8,2019,1900.00,,
7303 Breen Dr,J,9,2019,0.00,,
7303 Breen Dr,J,10,2019,0.00,,
7303 Breen Dr,J,11,2019,0.00,,empty
7303 Breen Dr,J,12,2019,0.00,,empty
7303 Breen Dr,J,4,2020,1600.00,,
7303 Breen Dr,J,6,2020,2750.00,,Deposit part 1 of 2
7303 Breen Dr,J,8,2020,5000.00,,
7303 Breen Dr,J,11,2020,1600.00,,
7303 Breen Dr,J,12,2020,1600.00,,
7303 Breen Dr,J,1,2021,1850.00,,
7303 Breen Dr,J,2,2021,0.00,,
7303 Breen Dr,J,3,2021,1600.00,,
7303 Breen Dr,J,4,2021,3225.00,,
7303 Breen Dr,J,6,2021,3200.00,,
7303 Breen Dr,J,8,2021,5225.00,,
7303 Breen Dr,J,9,2021,1700.00,,
7303 Breen Dr,J,10,2021,1000.00,,
7303 Breen Dr,J,11,2021,1700.00,,
7303 Breen Dr,J,12,2021,2200.00,,
7303 Breen Dr,J,2,2022,2150.00,,"missing $1,450"
7303 Breen Dr,J,3,2022,3150.00,,
7303 Breen Dr,Reimbursement,9,2019,900.00,,
7623 Mesa Ranch Trail,,8,2020,1496.78,,
7623 Mesa Ranch Trail,,9,2020,1600.00,,
7623 Mesa Ranch Trail,,10,2020,1600.00,,
7623 Mesa Ranch Trail,,11,2020,1600.00,,
7623 Mesa Ranch Trail,,12,2020,1600.00,,
7623 Mesa Ranch Trail,,1,2021,1600.00,,
7623 Mesa Ranch Trail,,2,2021,1600.00,,
7623 Mesa Ranch Trail,,3,2021,1600.00,,
7623 Mesa Ranch Trail,,4,2021,1600.00,,
7623 Mesa Ranch Trail,,5,2021,1600.00,,
7623 Mesa Ranch Trail,,6,2021,1600.00,,
7623 Mesa Ranch Trail,,7,2021,1600.00,,
7623 Mesa Ranch Trail,,8,2021,1600.00,,
7623 Mesa Ranch Trail,,9,2021,1650.00,,
7623 Mesa Ranch Trail,,10,2021,1650.00,,
7623 Mesa Ranch Trail,,11,2021,1650.00,,
7623 Mesa Ranch Trail,,12,2021,1650.00,,
7623 Mesa Ranch Trail,,1,2022,1650.00,,
7623 Mesa Ranch Trail,,2,2022,1650.00,,
7623 Mesa Ranch Trail,,3,2022,1650.00,,
7623 Mesa Ranch Trail,,4,2022,1650.00,,
7747 Mesa Ranch Trail,,10,2020,3700.00,,rent + deposit
7747 Mesa Ranch Trail,,11,2020,1850.00,,
7747 Mesa Ranch Trail,,12,2020,1850.00,,
7747 Mesa Ranch Trail,,1,2021,1850.00,,
7747 Mesa Ranch Trail,,2,2021,1850.00,,
7747 Mesa Ranch Trail,,3,2021,1850.00,,
7747 Mesa Ranch Trail,,4,2021,1850.00,,
7747 Mesa Ranch Trail,,5,2021,1850.00,,
7747 Mesa Ranch Trail,,6,2021,1850.00,,
7747 Mesa Ranch Trail,,7,2021,1850.00,,
7747 Mesa Ranch Trail,,8,2021,1850.00,,
7747 Mesa Ranch Trail,,9,2021,1850.00,,
7610 Granite Terrace Ln,,10,2021,1800.00,,
7610 Granite Terrace Ln,,11,2021,1800.00,,
7610 Granite Terrace Ln,,12,2021,1800.00,,
7610 Granite Terrace Ln,,1,2022,1800.00,,
7610 Granite Terrace Ln,,2,2022,1800.00,,
7610 Granite Terrace Ln,,3,2022,1800.00,,
7610 Granite Terrace Ln,,4,2022,1800.00,,
8307 Wahl Manor Ct,,1,2019,712.50,,
8307 Wahl Manor Ct,,2,2019,1425.00,,
8307 Wahl Manor Ct,,3,2019,1425.00,,
8307 Wahl Manor Ct,,4,2019,1425.00,,
8307 Wahl Manor Ct,,5,2019,1425.00,,
8307 Wahl Manor Ct,,6,2019,1425.00,,
8307 Wahl Manor Ct,,7,2019,1425.00,,
8307 Wahl Manor Ct,,8,2019,1425.00,,
8307 Wahl Manor Ct,,9,2019,1425.00,,
8307 Wahl Manor Ct,,10,2019,1425.00,,
8307 Wahl Manor Ct,,11,2019,1425.00,,
8307 Wahl Manor Ct,,12,2019,1425.00,,
8307 Wahl Manor Ct,,1,2020,1425.00,,
8307 Wahl Manor Ct,,2,2020,1450.00,,
8307 Wahl Manor Ct,,3,2020,1450.00,,
8307 Wahl Manor Ct,,4,2020,1450.00,,
8307 Wahl Manor Ct,,5,2020,1450.00,,
8307 Wahl Manor Ct,,6,2020,1450.00,,
8307 Wahl Manor Ct,,7,2020,1450.00,,
8307 Wahl Manor Ct,,8,2020,1450.00,,
8307 Wahl Manor Ct,,9,2020,1450.00,,
8307 Wahl Manor Ct,,10,2020,1450.00,,
8307 Wahl Manor Ct,,11,2020,1450.00,,
8307 Wahl Manor Ct,,12,2020,1450.00,,
8307 Wahl Manor Ct,,1,2021,1450.00,,
8307 Wahl Manor Ct,,2,2021,1450.00,,
8307 Wahl Manor Ct,,3,2021,1450.00,,
8307 Wahl Manor Ct,,4,2021,725.00,,
8307 Wahl Manor Ct,,5,2021,1600.00,,deposit
8307 Wahl Manor Ct,,6,2021,853.00,,
8307 Wahl Manor Ct,,7,2021,1600.00,,
8307 Wahl Manor Ct,,8,2021,1600.00,,
8307 Wahl Manor Ct,,9,2021,1600.00,,
8307 Wahl Manor Ct,,10,2021,1600.00,,
8307 Wahl Manor Ct,,11,2021,1600.00,,
8307 Wahl Manor Ct,,12,2021,1600.00,,
8307 Wahl Manor Ct,,1,2022,1600.00,,
8307 Wahl Manor Ct,,2,2022,1600.00,,
8307 Wahl Manor Ct,,3,2022,1600.00,,
8307 Wahl Manor Ct,,4,2022,1600.00,,
8511 Westknoll Ln,,1,2018,0.00,,
8511 Westknoll Ln,,2,2018,0.00,,
8511 Westknoll Ln,,3,2018,0.00,,
8511 Westknoll Ln,,4,2018,0.00,,
8511 Westknoll Ln,,5,2018,0.00,,
8511 Westknoll Ln,,6,2018,0.00,,
8511 Westknoll Ln,,7,2018,1700.00,,
8511 Westknoll Ln,,8,2018,1700.00,,
8511 Westknoll Ln,,9,2018,1700.00,,
8511 Westknoll Ln,,10,2018,1700.00,,
8511 Westknoll Ln,,11,2018,1700.00,,
8511 Westknoll Ln,,12,2018,1700.00,,
8511 Westknoll Ln,,1,2019,1700.00,,
8511 Westknoll Ln,,2,2019,1700.00,,
8511 Westknoll Ln,,3,2019,0.00,,
8511 Westknoll Ln,,4,2019,1700.00,,
8511 Westknoll Ln,,5,2019,284.00,,
8511 Westknoll Ln,,6,2019,1700.00,,
8511 Westknoll Ln,,7,2019,1700.00,,
8511 Westknoll Ln,,8,2019,1700.00,,
8511 Westknoll Ln,,9,2019,1700.00,,
8511 Westknoll Ln,,10,2019,1700.00,,
8511 Westknoll Ln,,11,2019,1700.00,,
8511 Westknoll Ln,,12,2019,1700.00,,
8511 Westknoll Ln,,1,2020,1700.00,,
8511 Westknoll Ln,,2,2020,1700.00,35.00,
8511 Westknoll Ln,,3,2020,1700.00,,
8511 Westknoll Ln,,4,2020,1700.00,,
8511 Westknoll Ln,,5,2020,1700.00,,
8511 Westknoll Ln,,6,2020,1700.00,,
8511 Westknoll Ln,,7,2020,1700.00,,
8511 Westknoll Ln,,8,2020,1726.78,,
8511 Westknoll Ln,,9,2020,1725.00,,
8511 Westknoll Ln,,10,2020,1725.00,,
8511 Westknoll Ln,,11,2020,1725.00,,
8511 Westknoll Ln,,12,2020,1725.00,,
8511 Westknoll Ln,,1,2021,1725.00,,
8511 Westknoll Ln,,2,2021,1725.00,,
8511 Westknoll Ln,,3,2021,1726.00,,
8511 Westknoll Ln,,4,2021,1726.00,,
8511 Westknoll Ln,,5,2021,1726.00,,
8511 Westknoll Ln,,6,2021,1726.00,50.00,Pet violation fee of $200
8511 Westknoll Ln,,7,2021,1725.00,25.00,
8511 Westknoll Ln,,8,2021,1726.00,,
8511 Westknoll Ln,,9,2021,1725.00,50.00,
8511 Westknoll Ln,,10,2021,1725.00,50.00,
8511 Westknoll Ln,,11,2021,1725.00,50.00,"Pet violation fee of $200 paid, $25 overpaid"
8511 Westknoll Ln,,12,2021,1700.00,,
8511 Westknoll Ln,,1,2022,1725.00,,
8511 Westknoll Ln,,2,2022,1725.00,,
8511 Westknoll Ln,,3,2022,1725.00,,
8511 Westknoll Ln,,4,2022,1725.00,,
8523 Causeway Dr,,1,2018,0.00,,
8523 Causeway Dr,,2,2018,1475.00,,
8523 Causeway Dr,,3,2018,1475.00,,
8523 Causeway Dr,,4,2018,1475.00,,
8523 Causeway Dr,,5,2018,1475.00,,
8523 Causeway Dr,,6,2018,1475.00,,
8523 Causeway Dr,,7,2018,1475.00,,
8523 Causeway Dr,,8,2018,1475.00,,
8523 Causeway Dr,,9,2018,1475.00,,
8523 Causeway Dr,,10,2018,1475.00,,
8523 Causeway Dr,,11,2018,1475.00,,
8523 Causeway Dr,,12,2018,1475.00,,
8523 Causeway Dr,,1,2019,1475.00,,
8523 Causeway Dr,,2,2019,1475.00,,
8523 Causeway Dr,,3,2019,1525.00,,
8523 Causeway Dr,,4,2019,1525.00,,
8523 Causeway Dr,,5,2019,1525.00,,
8523 Causeway Dr,,6,2019,1525.00,,
8523 Causeway Dr,,7,2019,1525.00,,
8523 Causeway Dr,,8,2019,1525.00,,
8523 Causeway Dr,,9,2019,1525.00,,
8523 Causeway Dr,,10,2019,1525.00,,
8523 Causeway Dr,,11,2019,1525.00,,
8523 Causeway Dr,,12,2019,1525.00,,
8523 Causeway Dr,,2,2020,1525.00,,
8523 Causeway Dr,,1,2020,1525.00,,
8523 Causeway Dr,,3,2020,1575.00,,
8523 Causeway Dr,,4,2020,1550.00,,
8523 Causeway Dr,,5,2020,1550.00,,
8523 Causeway Dr,,6,2020,1550.00,,
8523 Causeway Dr,,7,2020,1550.00,,
8523 Causeway Dr,,8,2020,1550.00,,
8523 Causeway Dr,,9,2020,1550.00,,
8523 Causeway Dr,,10,2020,1550.00,,
8523 Causeway Dr,,11,2020,1550.00,,
8523 Causeway Dr,,12,2020,1550.00,,
8523 Causeway Dr,,1,2021,1550.00,,
8523 Causeway Dr,,2,2021,1550.00,,
8523 Causeway Dr,,3,2021,1550.00,,
8523 Causeway Dr,,4,2021,1550.00,,
8523 Causeway Dr,,5,2021,1550.00,,
8523 Causeway Dr,,6,2021,1550.00,,
8523 Causeway Dr,,7,2021,1550.00,,
8523 Causeway Dr,,8,2021,1550.00,,
4102-4116 McKinney St,4114,10,2018,0.00,,empty
4102-4116 McKinney St,4114,10,2019,1500.00,,
4102-4116 McKinney St,4114,10,2020,1575.00,,
4102-4116 McKinney St,4114,11,2018,0.00,,empty
4102-4116 McKinney St,4114,11,2019,1500.00,,
4102-4116 McKinney St,4114,12,2018,0.00,,empty
4102-4116 McKinney St,4114,12,2019,1500.00,,
4102-4116 McKinney St,4116,1,2019,1600.00,,
4102-4116 McKinney St,4116,1,2020,1600.00,,
4102-4116 McKinney St,4116,2,2019,1600.00,,
4102-4116 McKinney St,4116,2,2020,1500.00,,
4102-4116 McKinney St,4116,3,2019,1600.00,,
4102-4116 McKinney St,4116,3,2020,1600.00,,
4102-4116 McKinney St,4116,4,2019,1600.00,,
4102-4116 McKinney St,4116,4,2020,1600.00,,
4102-4116 McKinney St,4116,5,2019,1600.00,,
4102-4116 McKinney St,4116,5,2020,1600.00,,
4102-4116 McKinney St,4116,6,2019,1600.00,,
4102-4116 McKinney St,4116,6,2020,0.00,,
4102-4116 McKinney St,4116,7,2019,1600.00,,
4102-4116 McKinney St,4116,7,2020,1650.00,,
4102-4116 McKinney St,4116,8,2019,1600.00,,
4102-4116 McKinney St,4116,8,2020,1117.72,,
4102-4116 McKinney St,4116,9,2018,0.00,,empty
4102-4116 McKinney St,4116,9,2019,1600.00,,
4102-4116 McKinney St,4116,9,2020,1420.00,,
4102-4116 McKinney St,4116,10,2018,0.00,,empty
4102-4116 McKinney St,4116,10,2019,1600.00,,
4102-4116 McKinney St,4116,10,2020,1650.00,,
4102-4116 McKinney St,4116,11,2018,1600.00,,
4102-4116 McKinney St,4116,11,2019,0.00,,
4102-4116 McKinney St,4116,12,2018,1354.91,,
4102-4116 McKinney St,4116,12,2019,3200.00,,
4102-4116 McKinney St,Reimbursement,1,2019,19.05,,
4102-4116 McKinney St,Reimbursement,1,2020,180.43,,
4102-4116 McKinney St,Reimbursement,2,2019,116.88,,
4102-4116 McKinney St,Reimbursement,3,2019,81.45,,
4102-4116 McKinney St,Reimbursement,4,2019,927.75,,
4102-4116 McKinney St,Reimbursement,5,2019,134.16,,
4102-4116 McKinney St,Reimbursement,6,2019,325.14,,
4102-4116 McKinney St,Reimbursement,7,2019,753.08,,
4102-4116 McKinney St,Reimbursement,8,2019,240.68,,
4102-4116 McKinney St,Reimbursement,9,2019,,,
4102-4116 McKinney St,Reimbursement,10,2019,200.00,,
4102-4116 McKinney St,Reimbursement,11,2019,100.00,,
4102-4116 McKinney St,Reimbursement,12,2019,298.42,,
4102-4116 McKinney St,4102,11,2020,1700.00,,
4102-4116 McKinney St,4104,11,2020,1650.00,,
4102-4116 McKinney St,4106,11,2020,1650.00,,
4102-4116 McKinney St,4106,11,2020,30.00,,November late fee
4102-4116 McKinney St,4106,11,2020,120.00,,September late fee
4102-4116 McKinney St,4106,11,2020,25.00,,Repair - Reimbursement from Lowes
4102-4116 McKinney St,4108,11,2020,1550.00,,
4102-4116 McKinney St,4110,11,2020,1650.00,,
4102-4116 McKinney St,4112,11,2020,1600.00,,
4102-4116 McKinney St,4114,11,2020,1575.00,,
4102-4116 McKinney St,4116,11,2020,1650.00,,
4102-4116 McKinney St,4102,12,2020,1700.00,,
4102-4116 McKinney St,4104,12,2020,1650.00,,
4102-4116 McKinney St,4108,12,2020,1550.00,,
4102-4116 McKinney St,4108,12,2020,97.50,,Single Unit - Tenant Repair Charge - TY4ZXD - tripper breaker for water heater. Plumber reset water heater and water heater started to work. Tenant responsibility to check breaker.
4102-4116 McKinney St,4110,12,2020,1650.00,,
4102-4116 McKinney St,4110,12,2020,100.00,,"Whole Unit - Tenant Deductible - TX4TWYBB - D&P
Plumbing unclogged laboratory drain and shower
drain."
4102-4116 McKinney St,4112,12,2020,1600.00,,
4102-4116 McKinney St,4114,12,2020,1575.00,,
4102-4116 McKinney St,4116,12,2020,1550.00,,
4102-4116 McKinney St,4116,12,2020,100.00,,Tenant Deductible - Home Depot delivered and installed new dishwasher. Meld TX0JIYU
8523 Causeway Dr,,9,2021,1550.00,,
8523 Causeway Dr,,10,2021,1550.00,,
8523 Causeway Dr,,11,2021,1550.00,,
8523 Causeway Dr,,12,2021,1550.00,,
8523 Causeway Dr,,1,2022,1550.00,,
8523 Causeway Dr,,2,2022,1550.00,,
8523 Causeway Dr,,3,2022,1550.00,,
8523 Causeway Dr,,4,2022,1550.00,,
